fav,lat,lon,url
,26.4318410000,74.6476900000,https://www.zomato.com/ajmer/kfb-adarsh-nagar
₹500 for two people (approx.) with alcohol,26.4644727810,74.6039003134,https://www.zomato.com/ajmer/black-box-kotra
₹100 for two people (approx.),26.4643584265,74.6393986791,https://www.zomato.com/ajmer/shri-krishna-pav-bhaji-kundan-nagar
"Pizza, Garlic Bread, Chocolate Lava",26.4654100000,74.6363000000,https://www.zomato.com/ajmer/dominos-pizza-ana-sagar-lake
₹300 for two people (approx.),26.4498828000,74.6641209000,https://www.zomato.com/ajmer/the-food-farm-kundan-nagar
₹150 for two people (approx.),26.4992030677,74.6307351440,https://www.zomato.com/ajmer/sabji-wala-panchsheel-nagar
₹200 for two people (approx.),26.4506680000,74.6354800000,https://www.zomato.com/ajmer/goyal-fast-food-kundan-nagar
₹250 for two people (approx.),26.4374370000,74.6591030000,https://www.zomato.com/ajmer/shree-krishna-juice-centre-and-fast-food-adarsh-nagar
,26.4597650015,74.6365637530,https://www.zomato.com/ajmer/hotel-ajmer-tower-ana-sagar-lake
₹300 for two people (approx.),26.4495959000,74.7022125000,https://www.zomato.com/ajmer/funduz-cafe-adarsh-nagar
₹250 for two people (approx.),26.4750400000,74.6491290000,https://www.zomato.com/ajmer/laxmi-restaurant-and-fast-food-police-lines
,26.4206680000,74.6353230000,https://www.zomato.com/ajmer/uncle-anus-kitchen-adarsh-nagar
₹350 for two people (approx.),26.4494856740,74.6498562768,https://www.zomato.com/ajmer/al-afdal-biryani-ana-sagar-lake
₹150 for two people (approx.),26.4653850000,74.6376186000,https://www.zomato.com/ajmer/shree-bhomji-misthan-bhandar-ana-sagar-lake
₹300 for two people (approx.),26.4571920000,74.6374230000,https://www.zomato.com/ajmer/nizams-biryani-railway-quarters
,26.4255190000,74.6339300000,https://www.zomato.com/ajmer/ammo-hammo-ram-ganj
,26.4709700000,74.6079920000,https://www.zomato.com/ajmer/om-ice-cream-kotra
,26.4604895166,74.6278152242,https://www.zomato.com/ajmer/wakil-chaat-bhandar-boraj-kazipura
,26.4149390000,74.6532230000,https://www.zomato.com/ajmer/food-junction-adarsh-nagar
"Pizza Sandwich, White Pasta",26.4207250000,74.6519937000,https://www.zomato.com/ajmer/foodies-adarsh-nagar
₹200 for two people (approx.),26.4690980000,74.6066370000,https://www.zomato.com/ajmer/lobhasta-cafe-kotra
₹100 for two people (approx.),26.4909303306,74.6253123879,https://www.zomato.com/ajmer/bhagat-pan-bhandar-ana-sagar-lake
₹300 for two people (approx.),26.4073114059,74.6573684737,https://www.zomato.com/ajmer/rawat-garden-and-restaurant-adarsh-nagar
₹200 for two people (approx.),26.4189030000,74.6248630000,https://www.zomato.com/ajmer/habibi-restaurant-somalpur
,26.4891253725,74.6267168596,https://www.zomato.com/ajmer/mast-mahadev-dhaba-ana-sagar-lake
,26.4766081163,74.6332899481,https://www.zomato.com/ajmer/kebabs-curries-company-ana-sagar-lake
₹200 for two people (approx.),26.4858200000,74.6302110000,https://www.zomato.com/ajmer/royal-bakers-2-ana-sagar-lake
₹700 for two people (approx.) Without alcohol,26.4493860000,74.6492990000,https://www.zomato.com/ajmer/un-curry-by-data-inn-dhola-bhata-colony
₹200 for two people (approx.),26.4992813813,74.6244784663,https://www.zomato.com/ajmer/masala-kitchen-ana-sagar-lake
₹200 for two people (approx.),26.4327916490,74.6476263553,https://www.zomato.com/ajmer/desi-vibes-adarsh-nagar
₹350 for two people (approx.),26.4743310000,74.6027060000,https://www.zomato.com/ajmer/chatkazz-kotra
₹150 for two people (approx.),26.5144138075,74.6345753968,https://www.zomato.com/ajmer/chilli-charly-food-point-panchsheel-nagar
"Chicken Fry, Butter Chicken",26.4657370000,74.6377490000,https://www.zomato.com/ajmer/chicken-king-railway-quarters
Rs. 100 for two people (approx.),26.5144147076,74.6338069439,https://www.zomato.com/ajmer/chat-chatore-panchsheel-nagar
₹100 for two people (approx.),26.4595930000,74.6328330000,https://www.zomato.com/ajmer/bhagat-pan-bhandar-railway-quarters
₹300 for two people (approx.),26.4595191172,74.6346545219,https://www.zomato.com/ajmer/shree-laxmi-sweets-railway-quarters
₹200 for two people (approx.),26.4601479417,74.6316088736,https://www.zomato.com/ajmer/shree-ram-namkeen-ana-sagar-lake
₹100 for two people (approx.),26.4209570569,74.6515038237,https://www.zomato.com/ajmer/new-ramesh-sweets-restaurant-adarsh-nagar
₹200 for two people (approx.),26.4668300000,74.6164430000,https://www.zomato.com/ajmer/anant-cafe-and-restra-ana-sagar-lake
₹300 for two people (approx.),26.4595035091,74.6279620752,https://www.zomato.com/ajmer/sagar-restaurant-boraj-kazipura
₹150 for two people (approx.),26.4348650000,74.6254870000,https://www.zomato.com/ajmer/food-ever-adarsh-nagar
₹500 for two people (approx.),26.4731486828,74.6131525934,https://www.zomato.com/ajmer/new-victory-restaurant-ana-sagar-lake
₹200 for two people (approx.),26.4485460000,74.6515130000,https://www.zomato.com/ajmer/chinky-fast-food-corner-dhola-bhata-colony
₹300 for two people (approx.),26.4323790000,74.6374020000,https://www.zomato.com/ajmer/satguru-confectioners-and-bakers-ram-ganj
₹350 for two people (approx.),26.4663216460,74.6054110676,https://www.zomato.com/ajmer/cafe-cave-kotra
₹100 for two people (approx.),26.4898041481,74.6268700808,https://www.zomato.com/ajmer/shree-maan-ji-chaat-bhandar-panchsheel-nagar
₹150 for two people (approx.),26.4488577000,74.6377413000,https://www.zomato.com/ajmer/hoko-fast-food-corner-pal-bhichala
Rs. 250 for two people (approx.),26.4336690000,74.6313400000,https://www.zomato.com/ajmer/gabbar-ka-dhaba-adarsh-nagar
"Kulcha, Dal Makhani, Chur Chur Naan, Shahi Paneer, Soya Chaap, Chole Kulche",26.4895010702,74.6255514398,https://www.zomato.com/ajmer/sunny-di-hatti-amritsari-ana-sagar-lake
₹400 for two people (approx.),26.5146730000,74.6340500000,https://www.zomato.com/ajmer/dominos-pizza-panchsheel-nagar
"Malai Kofta, Rajasthani Thali",26.4863780000,74.6490250000,https://www.zomato.com/ajmer/the-thali-walla-ana-sagar-lake
₹600 for two people (approx.),26.4644094509,74.6358926967,https://www.zomato.com/ajmer/status-by-silver-leaf-ana-sagar-lake
₹250 for two people (approx.),26.4720871527,74.6335095540,https://www.zomato.com/ajmer/naya-thikana-restaurant-ana-sagar-lake
₹500 for two people (approx.),26.4328260000,74.6484610000,https://www.zomato.com/ajmer/jethana-adarsh-nagar
₹200 for two people (approx.),26.4511590000,74.6368100000,https://www.zomato.com/ajmer/cake-hut-2-railway-quarters
,26.4883940789,74.6283815056,https://www.zomato.com/ajmer/khokha-ana-sagar-lake
₹400 for two people (approx.),26.4623190000,74.6342970000,https://www.zomato.com/ajmer/kanak-sagar-ana-sagar-lake
₹400 for two people (approx.) with alcohol,26.4223766596,74.6513046697,https://www.zomato.com/ajmer/sports-bar-adarsh-nagar
₹200 for two people (approx.),26.4626230000,74.6328810000,https://www.zomato.com/ajmer/rj-01-restaurant-ana-sagar-lake
₹200 for two people (approx.),26.4648950000,74.6194750000,https://www.zomato.com/ajmer/food-king-ana-sagar-lake
₹100 for two people (approx.),26.4809260349,74.6313255653,https://www.zomato.com/ajmer/loving-food-ana-sagar-lake
₹300 for two people (approx.),26.4567606528,74.6362987161,https://www.zomato.com/ajmer/laxmi-bhojanalaya-railway-quarters
"Burgers, Vada Pav, Pizza",26.4892192971,74.6266598627,https://www.zomato.com/ajmer/tea-connect-ana-sagar-lake
₹300 for two people (approx.),26.4645613231,74.6390218288,https://www.zomato.com/ajmer/swami-foods-bakers-ana-sagar-lake
Rs. 250 for two people (approx.),26.4334300000,74.6587890000,https://www.zomato.com/ajmer/mount-mary-fast-food-dhola-bhata-colony
₹200 for two people (approx.),26.4981738840,74.6305363253,https://www.zomato.com/ajmer/lazeez-chick-n-serve-panchsheel-nagar
₹200 for two people (approx.),26.4669660405,74.6380381286,https://www.zomato.com/ajmer/vijay-bakery-ana-sagar-lake
₹300 for two people (approx.),26.4291020000,74.6367210000,https://www.zomato.com/ajmer/jacob-fast-food-1-ram-ganj
₹150 for two people (approx.),26.4569638629,74.6362333372,https://www.zomato.com/ajmer/shri-ambika-bhojanalaya-railway-quarters
₹300 for two people (approx.),26.4687730000,74.6439740000,https://www.zomato.com/ajmer/sadda-adda-the-express-food-panchsheel-nagar
₹500 for two people (approx.),26.4485458006,74.6417804807,https://www.zomato.com/ajmer/fun-n-food-restaurant-dhola-bhata-colony
Rs. 250 for two people (approx.),26.4691324041,74.6406509355,https://www.zomato.com/ajmer/cafe-coffee-time-ana-sagar-lake
₹450 for two people (approx.),26.4836046955,74.6153516695,https://www.zomato.com/ajmer/vrandavan-garden-restaurant-ana-sagar-lake
₹300 for two people (approx.),26.4598220000,74.6354450000,https://www.zomato.com/ajmer/go-green-restaurant-ana-sagar-lake
₹150 for two people (approx.),26.4701063241,74.6447936073,https://www.zomato.com/ajmer/sarveshwar-vaishnav-dhaba-pal-bhichala
₹250 for two people (approx.),26.4600460000,74.6365990000,https://www.zomato.com/ajmer/baba-roasted-chicken-and-rolls-corner-ana-sagar-lake
Kadai Paneer,26.4571920000,74.6374230000,https://www.zomato.com/ajmer/manojs-kake-di-hatti-railway-quarters
"Butter Chicken, Chilli Chicken, Chicken Biryani, Lal Maans, Chicken Handi, Tandoori Chicken, Chicken Tikka",26.5022390000,74.6310990000,https://www.zomato.com/ajmer/royal-rasoi-panchsheel-nagar
₹400 for two people (approx.),26.4386220000,74.6467740000,https://www.zomato.com/ajmer/curry-chapati-kundan-nagar
₹400 for two people (approx.),26.4872555302,74.6298623561,https://www.zomato.com/ajmer/the-chinese-thai-kitchen-ana-sagar-lake
₹100 for two people (approx.),26.4882053000,74.6284900000,https://www.zomato.com/ajmer/yummy-tummy-the-food-zone-ana-sagar-lake
₹300 for two people (approx.),,,https://www.zomato.com/ajmer/makrana-raj-restaurant-railway-quarters
Rs. 200 for two people (approx.),26.4689370000,74.6330150000,https://www.zomato.com/ajmer/shiv-mahima-rajasthani-tadka-ana-sagar-lake
₹150 for two people (approx.),26.4624280000,74.6381370000,https://www.zomato.com/ajmer/bambaiya-vada-paw-ana-sagar-lake
₹400 for two people (approx.),26.4571865832,74.6365897357,https://www.zomato.com/ajmer/jai-bhole-bhojnalay-railway-quarters
₹100 for two people (approx.),26.4571871835,74.6351933107,https://www.zomato.com/ajmer/sunny-di-hatti-1-railway-quarters
"Thali, Panneer Butter Masala, Churma",26.4683450000,74.6332060000,https://www.zomato.com/ajmer/mahadev-ka-dhaba-ana-sagar-lake
₹200 for two people (approx.),26.5211452903,74.6329975873,https://www.zomato.com/ajmer/darbar-restaurant-panchsheel-nagar
Kachori,26.4605735595,74.6326281130,https://www.zomato.com/ajmer/shankars-chaat-ana-sagar-lake
₹150 for two people (approx.),26.4892280000,74.6297670000,https://www.zomato.com/ajmer/love-cafetaria-cold-express-ana-sagar-lake
₹500 for two people (approx.),26.4533020000,74.6321310000,https://www.zomato.com/ajmer/mughal-tadka-pal-bhichala
₹250 for two people (approx.),26.4555040000,74.6349110000,https://www.zomato.com/ajmer/the-kebab-village-by-new-majestic-railway-quarters
₹300 for two people (approx.),26.4806420000,74.6317440000,https://www.zomato.com/ajmer/kings-chiken-corner-panchsheel-nagar
₹250 for two people (approx.),26.4736530000,74.6127300000,https://www.zomato.com/ajmer/uncrust-kotra
₹700 for two people (approx.),26.4883865768,74.6284670010,https://www.zomato.com/ajmer/olive-kitchen-ana-sagar-lake
₹250 for two people (approx.),26.4500953418,74.6417918801,https://www.zomato.com/ajmer/annapurna-veg-restaurant-dhola-bhata-colony
₹300 for two people (approx.),26.4990455230,74.6313743625,https://www.zomato.com/ajmer/cake-hut-ana-sagar-lake
₹250 for two people (approx.),26.4540822677,74.6336567402,https://www.zomato.com/ajmer/nakul-food-corner-railway-quarters
₹200 for two people (approx.),26.4365290000,74.6336050000,https://www.zomato.com/ajmer/sada-adda-ana-sagar-lake
₹550 for two people (approx.),26.4897300291,74.6301651746,https://www.zomato.com/ajmer/t-mos-ana-sagar-lake
₹250 for two people (approx.),26.4615853708,74.6549870074,https://www.zomato.com/ajmer/gullu-di-bhatti-kundan-nagar
₹200 for two people (approx.),26.4858040000,74.6248330000,https://www.zomato.com/ajmer/talaash-e-zaika-ana-sagar-lake
Rs. 150 for two people (approx.),26.4654938624,74.6379549801,https://www.zomato.com/ajmer/dosawala-ana-sagar-lake
₹200 for two people (approx.),26.5123770000,74.6369780000,https://www.zomato.com/ajmer/restro-food-panchsheel-nagar
Rs. 350 for two people (approx.),26.4623230000,74.6275390000,https://www.zomato.com/ajmer/cake-me-railway-quarters
₹100 for two people (approx.),26.4410490528,74.6457625553,https://www.zomato.com/ajmer/shiv-shankar-bakery-adarsh-nagar
₹150 for two people (approx.),26.4695831995,74.6438709274,https://www.zomato.com/ajmer/balaji-bhojanalya-pal-bhichala
Rs. 200 for two people (approx.),26.5148935265,74.6340765059,https://www.zomato.com/ajmer/spiceum-panchsheel-nagar
₹400 for two people (approx.),26.4911577863,74.6251424029,https://www.zomato.com/ajmer/mamta-ice-breaker-ana-sagar-lake
₹200 for two people (approx.),26.4921500000,74.6262380000,https://www.zomato.com/ajmer/gully-boy-ana-sagar-lake
Rs. 200 for two people (approx.),26.4634354827,74.6289806440,https://www.zomato.com/ajmer/deepak-bhojanalya-boraj-kazipura
₹200 for two people (approx.),26.4909444341,74.6252916008,https://www.zomato.com/ajmer/kesar-food-products-ana-sagar-lake
Pizza,26.4979090000,74.6307290000,https://www.zomato.com/ajmer/dynamite-delicious-1-ana-sagar-lake
Rs. 300 for two people (approx.),26.4594554841,74.6345559508,https://www.zomato.com/ajmer/pehli-manzil-railway-quarters
₹150 for two people (approx.),26.4564223687,74.6289430931,https://www.zomato.com/ajmer/hotel-noor-islam-boraj-kazipura
₹250 for two people (approx.),26.4840270000,74.6313640000,https://www.zomato.com/ajmer/the-pizza-unlimited-ana-sagar-lake
₹250 for two people (approx.),26.4929810000,74.6283950000,https://www.zomato.com/ajmer/sindh-delicacies-ana-sagar-lake
₹400 for two people (approx.),26.4884402912,74.6049131826,https://www.zomato.com/ajmer/cafe-pubg-kotra
₹250 for two people (approx.),26.4217520000,74.6518730000,https://www.zomato.com/ajmer/cafe-racer-adarsh-nagar
₹400 for two people (approx.) with alcohol,26.4643646675,74.6041318800,https://www.zomato.com/ajmer/heena-restaurant-kotra
₹200 for two people (approx.),26.4630360000,74.6286910000,https://www.zomato.com/ajmer/roll-junction-ana-sagar-lake
₹200 for two people (approx.),26.4225595132,74.6512429789,https://www.zomato.com/ajmer/mast-mahadev-dhaba-adarsh-nagar
₹300 for two people (approx.),26.4325660000,74.6373130000,https://www.zomato.com/ajmer/mast-punjabi-tadka-ram-ganj
₹250 for two people (approx.),26.4699268473,74.6444972232,https://www.zomato.com/ajmer/anurag-restaurant-pal-bhichala
₹200 for two people (approx.),26.4875490000,74.6291060000,https://www.zomato.com/ajmer/rock-n-roll-ana-sagar-lake
Rs. 200 for two people (approx.),26.4575044542,74.6364663541,https://www.zomato.com/ajmer/surya-shakti-bhojanalaya-railway-quarters
₹300 for two people (approx.),,,https://www.zomato.com/ajmer/hotel-e-saba-railway-quarters
Rs. 300 for two people (approx.),26.4506680000,74.6354800000,https://www.zomato.com/ajmer/steamin-mugs-railway-quarters
Rs. 350 for two people (approx.),26.4432010000,74.6446780000,https://www.zomato.com/ajmer/duas-tandoori-junction-dhola-bhata-colony
₹300 for two people (approx.),26.4654730000,74.6375940000,https://www.zomato.com/ajmer/havmor-kundan-nagar
₹200 for two people (approx.),26.4503890000,74.6419780000,https://www.zomato.com/ajmer/kissan-bakery-dhola-bhata-colony
₹150 for two people (approx.),26.4899448840,74.6261519194,https://www.zomato.com/ajmer/baba-soya-chaap-ana-sagar-lake
₹300 for two people (approx.),26.4485040000,74.6418060000,https://www.zomato.com/ajmer/manoj-fast-food-adarsh-nagar
Rs. 400 for two people (approx.),26.4989522238,74.6303871274,https://www.zomato.com/ajmer/kashish-pure-veg-family-restaurant-ana-sagar-lake
"Pizza, Cold Coffee, Burgers, Red Pasta, Chocolate Shake, Chilli Paneer, Sandwich",26.4648647669,74.6389299631,https://www.zomato.com/ajmer/gangaur-pizza-point-ana-sagar-lake
₹150 for two people (approx.),26.4150295465,74.6516094357,https://www.zomato.com/ajmer/hot-spicy-restaurant-adarsh-nagar
Rs. 300 for two people (approx.),26.4130768634,74.6651931480,https://www.zomato.com/ajmer/maharajas-restaurant-adarsh-nagar
₹300 for two people (approx.),26.4626170000,74.6277660000,https://www.zomato.com/ajmer/velvet-hotel-and-restaurant-ana-sagar-lake
₹300 for two people (approx.),26.4581041743,74.6279912442,https://www.zomato.com/ajmer/sukoon-restaurant-boraj-kazipura
₹150 for two people (approx.),26.4565920000,74.6357790000,https://www.zomato.com/ajmer/laxmi-confectioners-railway-quarters
₹150 for two people (approx.),26.4624280000,74.6381370000,https://www.zomato.com/ajmer/lassi-shop-hathi-khera
₹150 for two people (approx.),26.4475980000,74.6432600000,https://www.zomato.com/ajmer/punjabi-paratha-house-adarsh-nagar
Rs. 250 for two people (approx.),26.4501514755,74.6362252906,https://www.zomato.com/ajmer/pizza-point-railway-quarters
Thali,26.4683572000,74.6332011000,https://www.zomato.com/ajmer/old-mahadev-ka-dhaba-ana-sagar-lake
₹150 for two people (approx.),26.4837940000,74.6345890000,https://www.zomato.com/ajmer/balaji-midtown-goodies-ana-sagar-lake
Butter Chicken,26.4236270000,74.6506340000,https://www.zomato.com/ajmer/chatkaraa-adarsh-nagar
Rs. 350 for two people (approx.),26.4641510000,74.6312260000,https://www.zomato.com/ajmer/non-veg-town-ana-sagar-lake
Roti,26.4655040672,74.6372907981,https://www.zomato.com/ajmer/guddan-ka-dhaba-ana-sagar-lake
₹300 for two people (approx.),26.4504030000,74.6366480000,https://www.zomato.com/ajmer/paisa-vasool-fast-food-restaurant-ana-sagar-lake
₹150 for two people (approx.),26.4268416284,74.6317195147,https://www.zomato.com/ajmer/night-owl-ram-ganj
Rs. 100 for two people (approx.),26.4604411919,74.6347239241,https://www.zomato.com/ajmer/shree-jodhpur-sweets-ana-sagar-lake
Rs. 650 for two people (approx.),26.4911190000,74.6757000000,https://www.zomato.com/ajmer/mirch-masala-police-lines
₹300 for two people (approx.),26.4633400000,74.6390190000,https://www.zomato.com/ajmer/nut-bolt-dhola-bhata-colony
₹250 for two people (approx.),26.4992570000,74.6305780000,https://www.zomato.com/ajmer/hot-curries-panchsheel-nagar
Rs. 500 for two people (approx.),26.4206652075,74.6518994495,https://www.zomato.com/ajmer/bake-my-day-adarsh-nagar
₹250 for two people (approx.),26.5014957437,74.6301661804,https://www.zomato.com/ajmer/chilly-spicy-dhaba-panchsheel-nagar
₹400 for two people (approx.),26.4586663715,74.6001629904,https://www.zomato.com/ajmer/chamunda-restaurant-and-bar-hathi-khera
₹250 for two people (approx.),26.4878095207,74.6289290115,https://www.zomato.com/ajmer/hot-n-cool-ana-sagar-lake
Rs. 200 for two people (approx.),26.4706036353,74.6075789630,https://www.zomato.com/ajmer/real-chinese-kotra
Rs. 300 for two people (approx.),26.4518910065,74.6359852329,https://www.zomato.com/ajmer/delux-bakery-1-railway-quarters
₹200 for two people (approx.),26.4632343850,74.6322730556,https://www.zomato.com/ajmer/bhola-restaurant-ana-sagar-lake
₹250 for two people (approx.),26.4715013000,74.6071957000,https://www.zomato.com/ajmer/kesar-sweets-kotra
Rs. 200 for two people (approx.),26.4825252562,74.6150157228,https://www.zomato.com/ajmer/the-roll-junction-ana-sagar-lake
₹150 for two people (approx.),26.4574720368,74.6351815760,https://www.zomato.com/ajmer/chandumal-gagumal-restaurant-and-sweet-store-railway-quarters
₹250 for two people (approx.),26.4765770000,74.6332840000,https://www.zomato.com/ajmer/budan-uncle-ana-sagar-lake
₹300 for two people (approx.),26.4688250000,74.6330900000,https://www.zomato.com/ajmer/silver-foil-food-junction-ana-sagar-lake
"Tea, Coffee, Butter Chicken, Lal Maans, Pizza, Mango Curry, Chicken Maratha",26.4651523024,74.6389598027,https://www.zomato.com/ajmer/mango-curry-ana-sagar-lake
"Momos, Mocktails, Aglio Olio Pasta",26.4491878932,74.6489520371,https://www.zomato.com/ajmer/inbox-pal-bhichala
₹300 for two people (approx.),26.4499029261,74.6399163455,https://www.zomato.com/ajmer/sneh-cakes-bakes-kotra
₹300 for two people (approx.),26.4144566267,74.6530806273,https://www.zomato.com/ajmer/simple-lounge-family-restaurant-adarsh-nagar
₹150 for two people (approx.),26.4101810000,74.6552720000,https://www.zomato.com/ajmer/ramesh-sweets-and-namkeen-adarsh-nagar
Rs. 100 for two people (approx.),26.4368110000,74.6559470000,https://www.zomato.com/ajmer/jmd-fast-food-dhola-bhata-colony
₹150 for two people (approx.),26.4560921880,74.6359470114,https://www.zomato.com/ajmer/azad-sweets-ana-sagar-lake
Rs. 300 for two people (approx.),26.4426230111,74.6449813619,https://www.zomato.com/ajmer/roti-boti-adarsh-nagar
"Honey Chilli Potatoes, Malai Kofta, Paneer Lababdar",26.5093280000,74.6336840000,https://www.zomato.com/ajmer/striker-panchsheel-nagar
"Lal Maans, Paneer Lababdar, Roti",26.4718062373,74.6343651786,https://www.zomato.com/ajmer/ambrosia-restaurant-ana-sagar-lake
₹300 for two people (approx.),26.5139733884,74.6338750049,https://www.zomato.com/ajmer/recharge-cafe-1-panchsheel-nagar
Rs. 350 for two people (approx.),26.4623230000,74.6275390000,https://www.zomato.com/ajmer/cake-me-ana-sagar-lake
₹200 for two people (approx.),26.4491730000,74.6518920000,https://www.zomato.com/ajmer/mishthi-chinese-corner-ana-sagar-lake
₹200 for two people (approx.),26.4540580000,74.6318710000,https://www.zomato.com/ajmer/shri-rajasthan-sweets-and-namkeen-railway-quarters
Rs. 150 for two people (approx.),26.5146298163,74.6340889111,https://www.zomato.com/ajmer/food-street-panchsheel-nagar
₹300 for two people (approx.),26.4294270000,74.6342170000,https://www.zomato.com/ajmer/house-of-honey-ram-ganj
₹200 for two people (approx.),26.4864945541,74.6182662249,https://www.zomato.com/ajmer/twist-on-wheels-ana-sagar-lake
₹200 for two people (approx.),26.4559319000,74.6699132000,https://www.zomato.com/ajmer/devils-kitchen-railway-quarters
₹250 for two people (approx.),26.4499665644,74.6364217624,https://www.zomato.com/ajmer/ho-ko-railway-quarters
₹250 for two people (approx.),26.4718570000,74.6344530000,https://www.zomato.com/ajmer/shivam-sweets-ana-sagar-lake
₹150 for two people (approx.),26.4993500000,74.6304510000,https://www.zomato.com/ajmer/night-owl-panchsheel-nagar
Rs. 800 for two people (approx.) with alcohol,26.4560915877,74.5940767229,https://www.zomato.com/ajmer/amuse-hathi-khera
₹200 for two people (approx.),26.4217980000,74.6516270000,https://www.zomato.com/ajmer/chinese-corner-adarsh-nagar
₹100 for two people (approx.),26.4786250000,74.6426850000,https://www.zomato.com/ajmer/mamta-sweets-and-bakes-ana-sagar-lake
₹150 for two people (approx.),26.4302320000,74.6368250000,https://www.zomato.com/ajmer/bombay-chowpatty-ram-ganj
₹400 for two people (approx.),26.4171164156,74.6528258175,https://www.zomato.com/ajmer/the-barrack-adarsh-nagar
₹100 for two people (approx.),26.4701135271,74.6329704300,https://www.zomato.com/ajmer/gopal-fast-food-ana-sagar-lake
₹200 for two people (approx.),26.4288560000,74.6362470000,https://www.zomato.com/ajmer/royal-bakers-ram-ganj
₹300 for two people (approx.),26.4515690000,74.6430780000,https://www.zomato.com/ajmer/bhutia-halwai-dhola-bhata-colony
"Pizza, Coffee, Brownie",26.4893140000,74.6190420000,https://www.zomato.com/ajmer/crazy-tales-ana-sagar-lake
₹400 for two people (approx.),26.4890700000,74.6298100000,https://www.zomato.com/ajmer/ajmer-food-express-ana-sagar-lake
Rs. 200 for two people (approx.),26.4834120000,74.6050130000,https://www.zomato.com/ajmer/spicy-treat-kotra
Burgers,26.5149000000,74.6341000000,https://www.zomato.com/ajmer/burger-king-panchsheel-nagar
Rs. 250 for two people (approx.),26.5123770000,74.6369780000,https://www.zomato.com/ajmer/restro-food-1-panchsheel-nagar
Indoor Seating,26.4455454189,74.6437837556,https://www.zomato.com/ajmer/royal-kababs-currys-dhola-bhata-colony
Rs. 250 for two people (approx.),26.4566510933,74.6286946535,https://www.zomato.com/ajmer/mezbaan-restaurant-boraj-kazipura
₹200 for two people (approx.),26.4506680000,74.6354800000,https://www.zomato.com/ajmer/come-n-sip-railway-quarters
Rs. 250 for two people (approx.),26.4907445848,74.6255742386,https://www.zomato.com/ajmer/punjabi-tadka-ana-sagar-lake
Rs. 150 for two people (approx.),26.4877260979,74.6302261949,https://www.zomato.com/ajmer/a-one-fast-food-pizza-point-ana-sagar-lake
₹600 for two people (approx.),26.4716425000,74.6334866000,https://www.zomato.com/ajmer/pizza-hut-ram-ganj
Breakfast,26.4630302855,74.6328731999,https://www.zomato.com/ajmer/aroras-restaurant-railway-quarters
₹300 for two people (approx.),26.4737048042,74.6131918207,https://www.zomato.com/ajmer/2nd-home-kotra
₹300 for two people (approx.),26.4222133221,74.6528989077,https://www.zomato.com/ajmer/the-big-bunny-adarsh-nagar
₹350 for two people (approx.),26.4207250000,74.6519937000,https://www.zomato.com/ajmer/foodies-ande-ka-funda-1-adarsh-nagar
Rs. 500 for two people (approx.),26.5146172158,74.6338803694,https://www.zomato.com/ajmer/chai-coffee-charcha-panchsheel-nagar
Rs. 400 for two people (approx.),26.4683480000,74.6475680000,https://www.zomato.com/ajmer/food-fort-ana-sagar-lake
₹200 for two people (approx.),26.4858600000,74.6065260000,https://www.zomato.com/ajmer/niharika-restaurant-and-fast-food-kotra
₹200 for two people (approx.),26.4339580000,74.6572440000,https://www.zomato.com/ajmer/dadi-ki-kutiya-dhola-bhata-colony
₹100 for two people (approx.),26.4894617600,74.6268459409,https://www.zomato.com/ajmer/shiv-shankar-juice-ana-sagar-lake
₹300 for two people (approx.),26.4883649710,74.6293283254,https://www.zomato.com/ajmer/burger-express-ana-sagar-lake
₹300 for two people (approx.),26.4169170000,74.6528000000,https://www.zomato.com/ajmer/brew-mech-cafe-adarsh-nagar
₹100 for two people (approx.),26.4701444403,74.6329137683,https://www.zomato.com/ajmer/shiv-shanker-chat-ana-sagar-lake
₹20 for two people (approx.),26.5078630000,74.6351920000,https://www.zomato.com/ajmer/dhanna-kachori-panchsheel-nagar
"Rs. 1,200 for two people (approx.)",,,https://www.zomato.com/ajmer/kingsway-restaurant-railway-quarters
₹300 for two people (approx.),26.4623738631,74.6277417988,https://www.zomato.com/ajmer/hotel-star-and-restaurant-boraj-kazipura
₹250 for two people (approx.),26.4923240000,74.6286570000,https://www.zomato.com/ajmer/the-curry-and-spices-ana-sagar-lake
Pizza,26.4654527432,74.6375798061,https://www.zomato.com/ajmer/havmor-restaurant-ana-sagar-lake
Rs. 200 for two people (approx.),26.4650460000,74.6387350000,https://www.zomato.com/ajmer/kulcha-street-ana-sagar-lake
₹400 for two people (approx.),26.4723824734,74.6488685533,https://www.zomato.com/ajmer/omni-restaurant-police-lines
₹300 for two people (approx.),26.4495710000,74.6379930000,https://www.zomato.com/ajmer/tokri-restaurant-railway-quarters
"Rs. 1,000 for two people (approx.)",26.4758300000,74.6388421500,https://www.zomato.com/ajmer/courtyard-kitchen-police-lines
"Rolls, Paneer Roll, Chicken Roll, Kathi Roll, Chaap",26.4882773475,74.6293370426,https://www.zomato.com/ajmer/roll-express-ana-sagar-lake
"Pav Bhaji, Pizza, Maggi, Hakka Noodles, Noodle",26.4910566616,74.6250850707,https://www.zomato.com/ajmer/kha-lo-ana-sagar-lake
₹100 for two people (approx.),26.4493812106,74.6481678262,https://www.zomato.com/ajmer/jai-mohan-bikaneri-sweets-dhola-bhata-colony
₹300 for two people (approx.),26.4910104503,74.6771269664,https://www.zomato.com/ajmer/royal-zayka-police-lines
₹250 for two people (approx.),26.4206680000,74.6353230000,https://www.zomato.com/ajmer/ashu-sweets-and-bakers-adarsh-nagar
₹300 for two people (approx.),26.4594554841,74.6345559508,https://www.zomato.com/ajmer/shri-laxmi-sweets-ana-sagar-lake
₹300 for two people (approx.),26.4565940000,74.6363600000,https://www.zomato.com/ajmer/jai-hind-restaurant-railway-quarters
₹200 for two people (approx.),26.4653311000,74.6377092000,https://www.zomato.com/ajmer/fyi-ana-sagar-lake
Rs. 750 for two people (approx.),26.4539826113,74.6371996030,https://www.zomato.com/ajmer/elite-family-restaurant-boraj-kazipura
₹300 for two people (approx.),26.5147147197,74.6338149905,https://www.zomato.com/ajmer/cafe-csm-panchsheel-nagar
"Pineapple Cake, Daal Kachori, Pizza",,,https://www.zomato.com/ajmer/hot-curries-ana-sagar-lake-ajmer
,26.4909444341,74.6252916008,https://www.zomato.com/ajmer/mamta-sweets-ana-sagar-lake
₹200 for two people (approx.),26.4507398271,74.6666016430,https://www.zomato.com/ajmer/the-road-side-cafe-kundan-nagar
₹200 for two people (approx.),26.4324970000,74.6375270000,https://www.zomato.com/ajmer/mast-punjabi-tadka-dhaba-ram-ganj
₹450 for two people (approx.),26.4883364634,74.6252205223,https://www.zomato.com/ajmer/fusion-ana-sagar-lake
₹100 for two people (approx.),26.4574882455,74.6355875954,https://www.zomato.com/ajmer/shree-sita-ram-sweets-railway-quarters
₹100 for two people (approx.),26.4528215472,74.6734597161,https://www.zomato.com/ajmer/shri-devnarayan-sweets-adarsh-nagar
₹350 for two people (approx.),26.4883364634,74.6252205223,https://www.zomato.com/ajmer/dine-in-peace-ana-sagar-lake
₹200 for two people (approx.),26.4654824571,74.6377893537,https://www.zomato.com/ajmer/havmor-ice-cream-ana-sagar-lake
₹250 for two people (approx.),26.4726200000,74.6426590000,https://www.zomato.com/ajmer/feast-basket-ana-sagar-lake
₹150 for two people (approx.),26.4632340000,74.6322730000,https://www.zomato.com/ajmer/old-bhola-ka-dhaba-ana-sagar-lake
Rs. 200 for two people (approx.),26.4911450000,74.6213730000,https://www.zomato.com/ajmer/acer-restaurant-panchsheel-nagar
Rs. 200 for two people (approx.),26.4706834690,74.6079866588,https://www.zomato.com/ajmer/brijwasi-kotra
₹300 for two people (approx.),26.4284380000,74.6363750000,https://www.zomato.com/ajmer/pizza-365-ram-ganj
Rs. 400 for two people (approx.),26.4325660000,74.6476500000,https://www.zomato.com/ajmer/yummy-food-corner-1-adarsh-nagar
₹300 for two people (approx.),26.4989522238,74.6303871274,https://www.zomato.com/ajmer/fbc-frizzle-brittle-chicken-ana-sagar-lake
₹350 for two people (approx.),26.4927390000,74.6273110000,https://www.zomato.com/ajmer/thakurani-da-dhaba-ana-sagar-lake
Rs. 150 for two people (approx.),26.4571661722,74.6355007589,https://www.zomato.com/ajmer/khandelwal-sweets-caterers-railway-quarters
₹250 for two people (approx.),26.4716420695,74.6333999187,https://www.zomato.com/ajmer/chat-chatore-ana-sagar-lake
Butter Chicken,26.4891121691,74.6298503503,https://www.zomato.com/ajmer/mamajis-chicken-point-ana-sagar-lake
₹150 for two people (approx.),26.4537637870,74.6322143823,https://www.zomato.com/ajmer/bharka-devi-ice-cream-railway-quarters
₹600 for two people (approx.),,,https://www.zomato.com/ajmer/beans-restaurant-ana-sagar-lake
Rs. 250 for two people (approx.),26.4571900000,74.6368180000,https://www.zomato.com/ajmer/dana-pani-kebab-restaurant-railway-quarters
Rs. 250 for two people (approx.),26.4456510000,74.6449990000,https://www.zomato.com/ajmer/l-r-venus-cafe-dhola-bhata-colony
₹250 for two people (approx.),26.4491350000,74.6505390000,https://www.zomato.com/ajmer/bambaiya-vada-pav-dhola-bhata-colony
₹300 for two people (approx.),26.4679537849,74.6366698667,https://www.zomato.com/ajmer/the-tandoor-restaurant-ana-sagar-lake
"Sandwich, Peri Peri Fries",26.4890820000,74.6298940000,https://www.zomato.com/ajmer/fry-hood-ana-sagar-lake
₹200 for two people (approx.),26.4693470000,74.6445190000,https://www.zomato.com/ajmer/the-alchemist-cafe-pal-bhichala
"Pizza, Tea, Panneer Butter Masala, Malai Kofta, Cold Coffee, Thali, Garlic Bread",26.4650730651,74.6388488263,https://www.zomato.com/ajmer/mango-masala-restaurant-ana-sagar-lake
₹500 for two people (approx.),26.4559980000,74.5942060000,https://www.zomato.com/ajmer/meet-heights-hathi-khera
₹300 for two people (approx.),26.4600440000,74.6397730000,https://www.zomato.com/ajmer/manuhar-ri-thali-dhola-bhata-colony
₹500 for two people (approx.),26.4118520000,74.6307950000,https://www.zomato.com/ajmer/new-taj-resturent-ram-ganj
₹100 for two people (approx.),26.4701324352,74.6330431849,https://www.zomato.com/ajmer/srinath-pao-bhaji-ana-sagar-lake
₹300 for two people (approx.),26.4224210000,74.6277790000,https://www.zomato.com/ajmer/aroma-luxury-veg-and-nonveg-restaurant-somalpur
₹150 for two people (approx.),26.4509523534,74.6359376237,https://www.zomato.com/ajmer/raseela-railway-quarters
₹300 for two people (approx.),26.4763125065,74.6115898713,https://www.zomato.com/ajmer/mast-mahadev-dhaba-kotra
"Pizza, Pasta",26.4713095315,74.6335454285,https://www.zomato.com/ajmer/jaipur-jungle-ana-sagar-lake
₹300 for two people (approx.),26.4786448000,74.6427155000,https://www.zomato.com/ajmer/mamta-misthan-bhandar-ana-sagar-lake
₹200 for two people (approx.),26.4599372334,74.6277800202,https://www.zomato.com/ajmer/madina-restaurant-boraj-kazipura
₹200 for two people (approx.),26.5011437890,74.6303760633,https://www.zomato.com/ajmer/mohanlal-tulsiram-sweets-and-namkeen-panchsheel-nagar
₹250 for two people (approx.),26.4555515901,74.6365344152,https://www.zomato.com/ajmer/suruchi-ana-sagar-lake
₹200 for two people (approx.),,,https://www.zomato.com/ajmer/mothers-kitchen-railway-quarters
₹400 for two people (approx.),26.4638472817,74.6295006573,https://www.zomato.com/ajmer/hotel-gulab-palace-and-restaurant-boraj-kazipura
₹150 for two people (approx.),26.4825252562,74.6150157228,https://www.zomato.com/ajmer/foodways-kotra
₹150 for two people (approx.),26.4552120000,74.6355820000,https://www.zomato.com/ajmer/jain-namkeen-hathi-khera
₹150 for two people (approx.),26.4205616188,74.6518585458,https://www.zomato.com/ajmer/raj-thali-adarsh-nagar
₹550 for two people (approx.),26.4663282490,74.6054207906,https://www.zomato.com/ajmer/menu-restaurant-kotra
₹250 for two people (approx.),26.4706036353,74.6075789630,https://www.zomato.com/ajmer/shri-shyam-dosa-corner-hathi-khera
"Coffee, Pizza",26.4651333935,74.6388977766,https://www.zomato.com/ajmer/coffo-holic-ana-sagar-lake
₹100 for two people (approx.),26.4875622529,74.6054821461,https://www.zomato.com/ajmer/the-royal-thadi-kotra
Rs. 100 for two people (approx.),26.4638230000,74.6392010000,https://www.zomato.com/ajmer/shri-krishna-pav-bhaji-ana-sagar-lake
₹100 for two people (approx.),26.4577682954,74.6335564926,https://www.zomato.com/ajmer/krishna-chat-bhandar-railway-quarters
₹150 for two people (approx.),26.4698790000,74.6443090000,https://www.zomato.com/ajmer/samy-restaurant-pal-bhichala
Rs. 400 for two people (approx.),26.4763125065,74.6115898713,https://www.zomato.com/ajmer/sindh-punjab-dhaba-ana-sagar-lake
₹100 for two people (approx.),26.4632619985,74.6322123706,https://www.zomato.com/ajmer/balaji-juice-ana-sagar-lake
Rs. 250 for two people (approx.),26.4200180000,74.6405820000,https://www.zomato.com/ajmer/pinch-of-spaces-gaddi-malian
"White Pasta, Garlic Bread",26.4992033677,74.6304015443,https://www.zomato.com/ajmer/mr-beans-pizza-ana-sagar-lake
₹300 for two people (approx.),26.4786250000,74.6469590000,https://www.zomato.com/ajmer/gorkhas-restaurant-ana-sagar-lake
Rs. 500 for two people (approx.),26.4879260000,74.6305990000,https://www.zomato.com/ajmer/mad-about-food-ana-sagar-lake
₹400 for two people (approx.),26.4484497416,74.6418294311,https://www.zomato.com/ajmer/manojs-kake-di-hatti-dhola-bhata-colony
₹100 for two people (approx.),26.4901550000,74.6265070000,https://www.zomato.com/ajmer/india-pan-ana-sagar-lake
₹250 for two people (approx.),26.4911260000,74.6213680000,https://www.zomato.com/ajmer/one-bite-1-ana-sagar-lake
Rs. 200 for two people (approx.),26.4681431692,74.6333248168,https://www.zomato.com/ajmer/mahadev-ka-dhaba-1-ana-sagar-lake
₹800 for two people (approx.),26.4576300000,74.6273380000,https://www.zomato.com/ajmer/madni-darbar-restaurant-1-railway-quarters
Rs. 450 for two people (approx.),26.4875496494,74.6055139974,https://www.zomato.com/ajmer/manbhavan-family-garden-restaurant-kotra
Rs. 200 for two people (approx.),26.4521830000,74.6427690000,https://www.zomato.com/ajmer/c-dreamz-fit-meals-pal-bhichala
₹200 for two people (approx.),26.4500620000,74.6537420000,https://www.zomato.com/ajmer/v-tutus-veg-non-veg-mobile-restaurant-kundan-nagar
₹500 for two people (approx.),26.4291108000,74.6365914000,https://www.zomato.com/ajmer/krishna-family-dhaba-1-ram-ganj
₹150 for two people (approx.),26.4570635168,74.6275309101,https://www.zomato.com/ajmer/sufi-hotel-boraj-kazipura
₹200 for two people (approx.),26.4758460000,74.6389160000,https://www.zomato.com/ajmer/baskin-robbins-pal-bhichala
"Coffee, Capsicum Pizza, Paneer Pizza",26.4651970000,74.6390970000,https://www.zomato.com/ajmer/pizzeria-by-mango-masala-ana-sagar-lake
₹250 for two people (approx.),26.4495670000,74.6477840000,https://www.zomato.com/ajmer/the-cake-corner-dhola-bhata-colony
"Thali, Noodle",26.4663860000,74.6380530000,https://www.zomato.com/ajmer/midtown-grill-ana-sagar-lake
₹100 for two people (approx.),26.4706300000,74.6081400000,https://www.zomato.com/ajmer/gaytri-dosa-centre-kotra
₹200 for two people (approx.),26.4881880000,74.6285270000,https://www.zomato.com/ajmer/the-uncles-cafe-ana-sagar-lake
₹150 for two people (approx.),26.4286890000,74.6364690000,https://www.zomato.com/ajmer/mamta-cakes-and-bakes-ram-ganj
Home Delivery,26.4624190000,74.6380300000,https://www.zomato.com/ajmer/shakes-and-more-ana-sagar-lake
₹300 for two people (approx.),26.4565865582,74.6361002326,https://www.zomato.com/ajmer/mamta-cake-and-bakes-railway-quarters
₹350 for two people (approx.),26.4714403859,74.6073724329,https://www.zomato.com/ajmer/brown-bake-kotra
₹350 for two people (approx.),26.4891411000,74.6267638000,https://www.zomato.com/ajmer/talk-of-the-town-1-ana-sagar-lake
Vegetarian Only,26.4707473960,74.6077942103,https://www.zomato.com/ajmer/chaska-kotra
₹300 for two people (approx.),,,https://www.zomato.com/ajmer/kohinoor-hotel-ana-sagar-lake
₹350 for two people (approx.),26.4238523913,74.6512198448,https://www.zomato.com/ajmer/naayaab-restaurant-adarsh-nagar
₹250 for two people (approx.),26.4552770000,74.6459250000,https://www.zomato.com/ajmer/b-bakers-and-fast-food-pal-bhichala
₹500 for two people (approx.),26.4565955631,74.6277827024,https://www.zomato.com/ajmer/jannat-ac-restaurant-boraj-kazipura
Rs. 100 for two people (approx.),26.4915520000,74.6291850000,https://www.zomato.com/ajmer/dhanna-kachori-vaishali-ana-sagar-lake
Rs. 600 for two people (approx.),26.4645880358,74.6359973028,https://www.zomato.com/ajmer/kc-inn-restaurant-ana-sagar-lake
Rs. 200 for two people (approx.),26.4699955767,74.6071913838,https://www.zomato.com/ajmer/mamta-sweets-and-bakes-kotra
₹700 for two people (approx.) Without alcohol,,,https://www.zomato.com/ajmer/sky-lounge-ram-ganj
₹300 for two people (approx.),26.4454600000,74.6441610000,https://www.zomato.com/ajmer/the-food-farm-restaurant-railway-quarters
₹700 for two people (approx.) with alcohol,26.4760940000,74.6394750000,https://www.zomato.com/ajmer/sky-lounge-3-ana-sagar-lake
₹550 for two people (approx.),26.4623230000,74.6275390000,https://www.zomato.com/ajmer/cake-valley-ana-sagar-lake
₹250 for two people (approx.),26.4374640000,74.6589390000,https://www.zomato.com/ajmer/jolly-cakes-and-bakes-dhola-bhata-colony
Coffee,26.4651950000,74.6390810000,https://www.zomato.com/ajmer/cake-craft-by-mango-masala-ana-sagar-lake
₹100 for two people (approx.),26.4236710409,74.6286577731,https://www.zomato.com/ajmer/janta-nastha-ram-ganj
Rs. 500 for two people (approx.),26.4762035658,74.6332534030,https://www.zomato.com/ajmer/subway-ana-sagar-lake
₹300 for two people (approx.),26.4570115887,74.6273813769,https://www.zomato.com/ajmer/jannat-restaurant-boraj-kazipura
₹100 for two people (approx.),26.4219870000,74.6516950000,https://www.zomato.com/ajmer/anjali-fast-food-adarsh-nagar
₹400 for two people (approx.),26.4651514020,74.6318539605,https://www.zomato.com/ajmer/deepak-restaurant-ana-sagar-lake
Thali,26.4640339714,74.6391177177,https://www.zomato.com/ajmer/manojs-kake-de-hatti-ana-sagar-lake
"Pizza, Sandwich, White Pasta",26.4647100000,74.6295170000,https://www.zomato.com/ajmer/love-cafetaria-ana-sagar-lake
₹300 for two people (approx.),,,https://www.zomato.com/ajmer/royal-kebabs-cafe-restro-ana-sagar-lake
₹150 for two people (approx.),26.4686027700,74.6475820200,https://www.zomato.com/ajmer/madras-cafe-pal-bhichala
₹200 for two people (approx.),26.4597510000,74.6243980000,https://www.zomato.com/ajmer/ujair-chicken-corner-ana-sagar-lake
₹400 for two people (approx.),26.4888829088,74.6291600168,https://www.zomato.com/ajmer/aroras-mobile-restaurant-ana-sagar-lake
₹150 for two people (approx.),26.4382051863,74.6578579769,https://www.zomato.com/ajmer/momos-mania-dhola-bhata-colony
₹100 for two people (approx.),26.4489867706,74.6500058100,https://www.zomato.com/ajmer/mamta-cakes-bakes-1-dhola-bhata-colony
₹100 for two people (approx.),26.4602529956,74.6345542744,https://www.zomato.com/ajmer/shree-shyam-pyaaz-kachhori-ana-sagar-lake
₹200 for two people (approx.),26.4203250000,74.6424040000,https://www.zomato.com/ajmer/k-g-n-fast-food-pizza-point-gaddi-malian
Rs. 800 for two people (approx.),26.4663633652,74.6380676329,https://www.zomato.com/ajmer/romys-fine-dine-ana-sagar-lake
Rs. 300 for two people (approx.),26.4656030000,74.6500170000,https://www.zomato.com/ajmer/man-v-s-food-kundan-nagar
₹100 for two people (approx.),26.4571220000,74.6355910000,https://www.zomato.com/ajmer/maa-vaishno-corner-railway-quarters
₹500 for two people (approx.),26.5156070000,74.6336510000,https://www.zomato.com/ajmer/barista-panchsheel-nagar
Rs. 200 for two people (approx.),26.4812830000,74.6332030000,https://www.zomato.com/ajmer/ghar-ka-swad-ana-sagar-lake
₹150 for two people (approx.),26.4909849440,74.6253462508,https://www.zomato.com/ajmer/deshi-tadka-ana-sagar-lake
₹150 for two people (approx.),26.4600440000,74.6397730000,https://www.zomato.com/ajmer/tfcs-paratha-rolls-dhola-bhata-colony
₹150 for two people (approx.),26.4908637142,74.6230291575,https://www.zomato.com/ajmer/kha-lo-non-veg-ana-sagar-lake
₹150 for two people (approx.),26.4623230000,74.6275390000,https://www.zomato.com/ajmer/cake-corner-railway-quarters
₹150 for two people (approx.),26.4512810480,74.6368029714,https://www.zomato.com/ajmer/arihant-chaat-and-sweets-kotra
₹300 for two people (approx.),26.4632965153,74.6288482100,https://www.zomato.com/ajmer/balaji-bhojanalay-boraj-kazipura
₹200 for two people (approx.),26.4239850000,74.6507260000,https://www.zomato.com/ajmer/mast-banarasi-paan-adarsh-nagar
₹700 for two people (approx.),26.4097890000,74.6563600000,https://www.zomato.com/ajmer/down-town-cafe-restaurant-adarsh-nagar
Rs. 350 for two people (approx.),26.4754850000,74.6470960000,https://www.zomato.com/ajmer/real-bakers-police-lines
₹100 for two people (approx.),26.4503150000,74.6364470000,https://www.zomato.com/ajmer/vaishnav-chaat-bhandar-ana-sagar-lake
₹150 for two people (approx.),26.4748750000,74.6367050000,https://www.zomato.com/ajmer/don-tomato-1-ana-sagar-lake
₹500 for two people (approx.),26.4714779015,74.6072956547,https://www.zomato.com/ajmer/kesar-kotra
"₹1,200 for two people (approx.) Without alcohol",26.4561753336,74.5940535888,https://www.zomato.com/ajmer/urban-table-hathi-khera
₹200 for two people (approx.),26.4838516718,74.6309175342,https://www.zomato.com/ajmer/shambys-cafe-ana-sagar-lake
Rs. 400 for two people (approx.),26.4889190000,74.6296080000,https://www.zomato.com/ajmer/mamta-cakes-bakes-panchsheel-nagar
₹200 for two people (approx.),26.5092795792,74.6315193549,https://www.zomato.com/ajmer/lemon-balm-2-panchsheel-nagar
Rs. 400 for two people (approx.),26.4569704665,74.6284700185,https://www.zomato.com/ajmer/kayanat-restaurant-boraj-kazipura
"₹1,000 for two people (approx.) with alcohol",26.4645409705,74.6040795196,https://www.zomato.com/ajmer/beach-bay-kotra
₹150 for two people (approx.),26.4992740000,74.6307010000,https://www.zomato.com/ajmer/sunrise-bakers-ana-sagar-lake
₹200 for two people (approx.),26.4568272889,74.6284773946,https://www.zomato.com/ajmer/gharib-nawaz-restaurant-boraj-kazipura
₹200 for two people (approx.),26.4700691082,74.6330723539,https://www.zomato.com/ajmer/shiv-shankar-cafe-ana-sagar-lake
₹150 for two people (approx.),26.4895739890,74.6297946945,https://www.zomato.com/ajmer/mayor-mix-faluda-ice-cream-ana-sagar-lake
₹600 for two people (approx.),,,https://www.zomato.com/ajmer/bar-code-ram-ganj
₹100 for two people (approx.),26.4805160000,74.6317310000,https://www.zomato.com/ajmer/shakes-pi-yaar-panchsheel-nagar
Rs. 200 for two people (approx.),26.4795550000,74.6102370000,https://www.zomato.com/ajmer/kanchas-restaurant-kotra
₹300 for two people (approx.),26.4962040000,74.6276260000,https://www.zomato.com/ajmer/the-london-shakes-1-ana-sagar-lake
Rs. 300 for two people (approx.),26.4550911344,74.6353411675,https://www.zomato.com/ajmer/rajdeep-family-restaurant-railway-quarters
₹150 for two people (approx.),26.4627373421,74.6314888448,https://www.zomato.com/ajmer/shree-sweets-and-namkeen-ana-sagar-lake
₹400 for two people (approx.),26.4473369519,74.6430471540,https://www.zomato.com/ajmer/kitchen-magic-dhola-bhata-colony
₹250 for two people (approx.),26.4571990000,74.6368180000,https://www.zomato.com/ajmer/bhabhi-ji-ki-rasoi-dhola-bhata-colony
₹250 for two people (approx.),26.4379923000,74.6535695000,https://www.zomato.com/ajmer/rajwadi-dhaba-dhola-bhata-colony
₹250 for two people (approx.),26.4571920000,74.6374230000,https://www.zomato.com/ajmer/patiala-chicken-railway-quarters
₹250 for two people (approx.),26.4665044299,74.6313483641,https://www.zomato.com/ajmer/pandit-restaurant-ana-sagar-lake
₹200 for two people (approx.),26.4840638368,74.6156289428,https://www.zomato.com/ajmer/tea-junction-ana-sagar-lake
"Rajasthani Thali, Dal Makhani, Kadhai Paneer, Malai Kofta, Dal Bati, Paneer Tikka, Mexican Bhel",26.4646069448,74.6390164644,https://www.zomato.com/ajmer/rasoi-ana-sagar-lake
₹200 for two people (approx.),26.4758350000,74.6354720000,https://www.zomato.com/ajmer/ice-cream-works-ana-sagar-lake
₹300 for two people (approx.),26.4667358357,74.6057325974,https://www.zomato.com/ajmer/hotel-atlantica-kotra
Rs. 350 for two people (approx.),26.4530502789,74.6332594380,https://www.zomato.com/ajmer/neelkamal-restaurant-railway-quarters
"Biryani, Chicken Handi",26.4696714376,74.6439601108,https://www.zomato.com/ajmer/karims-restaurant-pal-bhichala
₹200 for two people (approx.),26.4893140000,74.6190420000,https://www.zomato.com/ajmer/khichdi-co-ana-sagar-lake
₹400 for two people (approx.),26.4889170000,74.6294670000,https://www.zomato.com/ajmer/aroras-restaurant-1-ana-sagar-lake
₹250 for two people (approx.),26.4818300000,74.6462000000,https://www.zomato.com/ajmer/foodies-the-nite-cafe-pal-bhichala
₹300 for two people (approx.),26.4327960000,74.6259280000,https://www.zomato.com/ajmer/burger-street-railway-quarters
₹600 for two people (approx.) Without alcohol,26.4911751906,74.6205963939,https://www.zomato.com/ajmer/royal-spice-ana-sagar-lake
Breakfast,26.4505561177,74.6364770830,https://www.zomato.com/ajmer/rampal-fast-food-railway-quarters
₹300 for two people (approx.),26.4858200000,74.6302110000,https://www.zomato.com/ajmer/the-cafe-royal-lounge-ana-sagar-lake
₹250 for two people (approx.),,,https://www.zomato.com/ajmer/spicy-leaf-by-motilal-adarsh-nagar
₹200 for two people (approx.),26.4932140000,74.6282540000,https://www.zomato.com/ajmer/hot-shots-ana-sagar-lake
Rs. 300 for two people (approx.),26.4642917948,74.6390919015,https://www.zomato.com/ajmer/r-r-chinese-ana-sagar-lake
Rs. 150 for two people (approx.),26.5012600000,74.6315940000,https://www.zomato.com/ajmer/cafe-district-01-panchsheel-nagar
₹450 for two people (approx.),26.4596298746,74.6278591454,https://www.zomato.com/ajmer/hotel-royal-ajmer-boraj-kazipura
Rs. 200 for two people (approx.),26.4711060000,74.6078610000,https://www.zomato.com/ajmer/foodie-hub-kotra
Rs. 200 for two people (approx.),26.4791620000,74.6466600000,https://www.zomato.com/ajmer/shri-vaibhav-laxmi-bhojnalaya-police-lines
₹150 for two people (approx.),26.4710943417,74.6080252156,https://www.zomato.com/ajmer/balaji-soya-chaap-kotra
₹300 for two people (approx.),26.4554091000,74.6349864000,https://www.zomato.com/ajmer/vijay-bakers-confectioners-railway-quarters
₹100 for two people (approx.),26.4622080000,74.6381140000,https://www.zomato.com/ajmer/bhagwanti-juice-centre-ana-sagar-lake
₹100 for two people (approx.),26.4072570531,74.6572702378,https://www.zomato.com/ajmer/anmol-fast-food-corner-adarsh-nagar
Rs. 250 for two people (approx.),26.4812830000,74.6332030000,https://www.zomato.com/ajmer/royal-recipes-ana-sagar-lake
"Pizza, Churma, Dal Bati",26.4992030677,74.6307351440,https://www.zomato.com/ajmer/baawarchi-brothers-ana-sagar-lake
₹250 for two people (approx.),26.4206537977,74.6352472901,https://www.zomato.com/ajmer/ashu-sweets-1-ram-ganj
"Butter Chicken, Tandoori Chicken",26.4890700000,74.6298100000,https://www.zomato.com/ajmer/chickn-express-ana-sagar-lake
₹300 for two people (approx.),26.4624828169,74.6280073375,https://www.zomato.com/ajmer/hotel-jamil-and-restaurant-boraj-kazipura
₹250 for two people (approx.),26.3992714150,74.6635620296,https://www.zomato.com/ajmer/your-choice-adarsh-nagar
₹300 for two people (approx.),26.4390349673,74.6347229183,https://www.zomato.com/ajmer/foody-cart-dhola-bhata-colony
₹350 for two people (approx.),26.4710547251,74.6082719788,https://www.zomato.com/ajmer/bollywood-tadka-kotra
₹200 for two people (approx.),26.4868986000,74.6252206000,https://www.zomato.com/ajmer/js-ks-family-restaurant-cafeteria-ana-sagar-lake
"Paneer Tikka, Sandwich, Rajasthani Thali, Veg Thali",26.4548089768,74.6370876208,https://www.zomato.com/ajmer/honeydew-railway-quarters
Rs. 250 for two people (approx.),26.4254630000,74.6337130000,https://www.zomato.com/ajmer/arora-non-veg-ram-ganj
₹200 for two people (approx.),26.4565910606,74.6366316453,https://www.zomato.com/ajmer/madeena-restaurant-railway-quarters
₹500 for two people (approx.),26.4568759153,74.6358990669,https://www.zomato.com/ajmer/swad-restaurant-railway-quarters
₹150 for two people (approx.),26.4681245609,74.6119633690,https://www.zomato.com/ajmer/bunty-fast-food-kotra
"₹1,500 for two people (approx.)",26.4648840000,74.6366860000,https://www.zomato.com/ajmer/hotel-cross-lane-ana-sagar-lake
₹200 for two people (approx.),26.4119367070,74.6540291235,https://www.zomato.com/ajmer/ramesh-sweets-and-restaurant-adarsh-nagar
₹40 for two people (approx.),26.4507509338,74.6362346783,https://www.zomato.com/ajmer/mahakal-railway-quarters
₹250 for two people (approx.),26.4414770000,74.6585870000,https://www.zomato.com/ajmer/the-kesari-square-dhola-bhata-colony
₹400 for two people (approx.),26.4633370349,74.6365662664,https://www.zomato.com/ajmer/trm-restaurant-ana-sagar-lake
₹300 for two people (approx.),26.4809731506,74.6313198656,https://www.zomato.com/ajmer/cafe-coffee-day-ana-sagar-lake
₹200 for two people (approx.),26.4499155337,74.6364438906,https://www.zomato.com/ajmer/tom-and-jerry-railway-quarters
"Tandoori Chicken, Butter Chicken, Kadhai Paneer",26.4495219960,74.6408470720,https://www.zomato.com/ajmer/7-spices-dhola-bhata-colony
₹200 for two people (approx.),26.4661151509,74.6378842369,https://www.zomato.com/ajmer/royal-bakers-ana-sagar-lake
Maggi,26.4665047300,74.6386949345,https://www.zomato.com/ajmer/chaat-chatore-1-ana-sagar-lake
₹150 for two people (approx.),26.4623230000,74.6275390000,https://www.zomato.com/ajmer/cake-adda-railway-quarters
₹200 for two people (approx.),26.4894293517,74.6268573403,https://www.zomato.com/ajmer/brown-bake-ana-sagar-lake
₹300 for two people (approx.),,,https://www.zomato.com/ajmer/aapni-rasoi-hathi-khera
Rs. 200 for two people (approx.),26.4310650000,74.6365240000,https://www.zomato.com/ajmer/h-f-c-ram-ganj
₹200 for two people (approx.),26.4920250000,74.6267790000,https://www.zomato.com/ajmer/apna-dhaba-ana-sagar-lake
₹300 for two people (approx.),26.4749990000,74.6375770000,https://www.zomato.com/ajmer/red-cherry-dhola-bhata-colony
₹300 for two people (approx.),26.4494990000,74.6479870000,https://www.zomato.com/ajmer/roll-express-dhola-bhata-colony
₹300 for two people (approx.),26.4620130842,74.6340235323,https://www.zomato.com/ajmer/chawlas-ana-sagar-lake
₹400 for two people (approx.),26.4646135479,74.6357424930,https://www.zomato.com/ajmer/silver-leaf-ana-sagar-lake
"Pizza, Burgers, Honey Chilli Potatoes, Oreo Shake, Cheese Balls",26.4455400000,74.6453400000,https://www.zomato.com/ajmer/cafe-ate-pm-1-dhola-bhata-colony
₹400 for two people (approx.),26.4736924993,74.6117430925,https://www.zomato.com/ajmer/laltain-restaurant-kotra
Rs. 200 for two people (approx.),26.4875470000,74.6291080000,https://www.zomato.com/ajmer/manojs-kake-di-hatti-ana-sagar-lake
₹100 for two people (approx.),26.4701080000,74.6441240000,https://www.zomato.com/ajmer/frukost-ana-sagar-lake
