url,fav,lat,lon
https://www.zomato.com/allahabad/nehas-breakfast-teliarganj,₹100 for two people (approx.),,
https://www.zomato.com/allahabad/gola-sizzlers-ashok-nagar,"₹1,000 for two people (approx.)",,
https://www.zomato.com/allahabad/lallu-bakers-hut-kareli,₹300 for two people (approx.),25.4296607971,81.8458099365
https://www.zomato.com/allahabad/dinshaws-ice-cream-leader-road,₹150 for two people (approx.),25.4433357694,81.8249578401
https://www.zomato.com/allahabad/tripti-bar-nawabs-restaurant-civil-lines,₹800 for two people (approx.) Without alcohol,25.4572094563,81.8336777017
https://www.zomato.com/allahabad/madhur-milan-sweets-rambagh,₹250 for two people (approx.),25.4277060000,81.9179000000
https://www.zomato.com/allahabad/prayagraj-restaurant-katra,₹200 for two people (approx.),25.4626829000,81.8557043000
https://www.zomato.com/allahabad/fast-food-plaza-naini,₹600 for two people (approx.),25.3766930542,81.8726833910
https://www.zomato.com/allahabad/al-baik-chicken-chowk,₹300 for two people (approx.),25.4386449000,81.8400798000
https://www.zomato.com/allahabad/shree-kanha-sweets-restaurant-george-town,"Dal Makhani, Pizza, Roti, Thali",25.4490299054,81.8545027077
https://www.zomato.com/allahabad/the-second-wife-rambagh,₹500 for two people (approx.),25.4368650000,81.8495330000
https://www.zomato.com/allahabad/rais-chana-chawal-katra,₹200 for two people (approx.),25.4642079062,81.8497260287
https://www.zomato.com/allahabad/goli-vada-pav-no-1-1-civil-lines,₹500 for two people (approx.),25.4304554570,81.8298444897
https://www.zomato.com/allahabad/new-kwality-ice-cream-parlour-civil-lines,₹400 for two people (approx.),25.4598585563,81.8333062157
https://www.zomato.com/allahabad/dosa-plaza-1-civil-lines,"Mysore Masala Dosa, Maharaja Dosa, Mexican Dosa, Filtered Coffee",25.4529845798,81.8327865377
https://www.zomato.com/allahabad/chaurasia-pan-bhandar-rajapur,₹100 for two people (approx.),25.4674380000,81.8442150000
https://www.zomato.com/allahabad/tastoz-naini,₹150 for two people (approx.),25.3775196075,81.8687744141
https://www.zomato.com/allahabad/goli-vada-pav-no-1-kareli,₹200 for two people (approx.),25.4300995000,81.8304626000
https://www.zomato.com/allahabad/netram-mulchand-sons-katra,"Jalebi, Samosa, Kachori Sabzi, Aloo Ki Subzi, Raita, Rasmalai, Urad Dal",25.4646511000,81.7820477000
https://www.zomato.com/allahabad/biryani-house-rajrooppur,₹400 for two people (approx.),25.4362961398,81.7888321728
https://www.zomato.com/allahabad/lucknow-biryani-point-katra,₹350 for two people (approx.),25.4752483368,81.8484802246
https://www.zomato.com/allahabad/el-chico-pastry-shop-civil-lines,"Chocolava Cake, Brownie",25.4505757042,81.8337035179
https://www.zomato.com/allahabad/chat-pataas-eggetaria-civil-lines,₹150 for two people (approx.),25.4545899656,81.8423476070
https://www.zomato.com/allahabad/al-baik-zone-chowk,₹300 for two people (approx.),25.4379636000,81.8304872000
https://www.zomato.com/allahabad/mohit-foods-bairahana,₹150 for two people (approx.),25.4399356842,81.8163223267
https://www.zomato.com/allahabad/kaffe-kona-kareli,₹550 for two people (approx.),25.4264289000,81.8192216000
https://www.zomato.com/allahabad/zaika-biryani-ka-1-colonel-ganj,"Butter Chicken, Chicken Biryani",25.4605390000,81.8563660000
https://www.zomato.com/allahabad/forex-food-centre-kareli,₹200 for two people (approx.),,
https://www.zomato.com/allahabad/uspfc-dhoomanganj,₹200 for two people (approx.),25.4239902000,81.7626495000
https://www.zomato.com/allahabad/hunger-terminator-lukerganj,₹150 for two people (approx.),25.4606271000,81.8372734000
https://www.zomato.com/allahabad/raw-palette-1-civil-lines,₹450 for two people (approx.),25.4509642000,81.8313292000
https://www.zomato.com/allahabad/allahabad-biryani-centre-civil-lines,"Tandoori Chicken, Hyderabadi Chicken Biryani, Chicken Korma, Mutton Biryani",25.4549446106,81.8309326172
https://www.zomato.com/allahabad/ice-cream-works-civil-lines,₹300 for two people (approx.),25.4597880233,81.8388744816
https://www.zomato.com/allahabad/baskin-robbins-1-george-town,₹200 for two people (approx.),25.4533860000,81.8561250000
https://www.zomato.com/allahabad/route-o-bakers-kareli,₹300 for two people (approx.),25.4325390000,81.8289210000
https://www.zomato.com/allahabad/hot-n-cool-naini,"Burgers, Chicken Wrap, Pasta, Fries, Chicken Popcorn, Biryani, Sandwich",25.4100666046,81.8446807861
https://www.zomato.com/allahabad/tow-tiffin-on-the-way-kareli,"Tawa Roti, Thali",25.4280410000,81.8204440000
https://www.zomato.com/allahabad/the-senses-hotel-dps-inn-civil-lines,₹350 for two people (approx.),25.4541453000,81.8267662000
https://www.zomato.com/allahabad/sophiya-laurance-betal-shop-chowk,₹100 for two people (approx.),25.4412290000,81.8354200000
https://www.zomato.com/allahabad/bhojanam-civil-lines,₹200 for two people (approx.),25.4577150000,81.8297090000
https://www.zomato.com/allahabad/moti-mahal-delux-tandoori-trail-1-civil-lines,"Butter Chicken, Dal Makhani, Tandoori Chicken, Chicken Dum Biryani",25.4598222303,81.8356451020
https://www.zomato.com/allahabad/pahalwan-juice-stuff-naini,₹100 for two people (approx.),25.4133926300,81.8448137000
https://www.zomato.com/allahabad/bean-here-ashok-nagar,"Cold Coffee, Waffles, Paneer Sandwich",25.4673269422,81.8226266652
https://www.zomato.com/allahabad/mirchi-360-civil-lines,₹200 for two people (approx.),25.4579630000,81.8544400000
https://www.zomato.com/allahabad/lala-chat-corner-george-town,₹150 for two people (approx.),25.4311980000,81.8326720000
https://www.zomato.com/allahabad/the-little-chef-fast-food-corner-naini,₹250 for two people (approx.),25.3946264000,81.8605803000
https://www.zomato.com/allahabad/rasoi-restaurant-hotel-prayag-leader-road,₹750 for two people (approx.) Without alcohol,25.4430093960,81.8249870092
https://www.zomato.com/allahabad/hashtag-cafe-naini,₹500 for two people (approx.),25.5127920000,81.8523520000
https://www.zomato.com/allahabad/mr-dewsis-platinum-inn-civil-lines,₹500 for two people (approx.),25.4520473480,81.8223037720
https://www.zomato.com/allahabad/jai-shri-bhojnalaya-dhoomanganj,"Tawa Roti, Tandoori Roti",25.4493790000,81.7661130000
https://www.zomato.com/allahabad/burger-games-naini,₹350 for two people (approx.),25.3980900000,81.8706230000
https://www.zomato.com/allahabad/allahabadi-kabab-paratha-civil-lines,₹150 for two people (approx.),25.4491576631,81.8305277824
https://www.zomato.com/allahabad/chicago-pizza-civil-lines,"Chicago Pizza, White Sauce Pasta, Garlic Bread, Cheesy Pizza",25.4520000860,81.8350791559
https://www.zomato.com/allahabad/food-food-biryani-house-kareli,₹200 for two people (approx.),25.4304200000,81.8203300000
https://www.zomato.com/allahabad/jaiswal-dosa-corner-george-town,₹150 for two people (approx.),25.4463609000,81.8517769000
https://www.zomato.com/allahabad/allahabad-kabab-paratha-kareli,"Tandoori Chicken, Kebab Paratha, Salad",25.4311518726,81.8262965977
https://www.zomato.com/allahabad/om-sai-ki-rasoi-civil-lines,₹400 for two people (approx.),25.4510855167,81.8218696117
https://www.zomato.com/allahabad/papa-maan-jao-na-naini,₹200 for two people (approx.),25.4050636000,81.8790043000
https://www.zomato.com/allahabad/h2o-cafe-1-civil-lines,"Chicken Biryani, Coffee, Pizza, Burgers, Strawberry Shake, Maggi",25.4515000000,81.8366670000
https://www.zomato.com/allahabad/nirala-sweet-house-1-kareli,₹250 for two people (approx.),25.4258735000,81.8173259000
https://www.zomato.com/allahabad/kanha-restaurant-dhoomanganj,₹200 for two people (approx.),25.4535022000,81.7823747000
https://www.zomato.com/allahabad/nalanda-hotel-leader-road,₹300 for two people (approx.),25.4439479443,81.8255844712
https://www.zomato.com/allahabad/feel-it-restaurant-rajrooppur,₹250 for two people (approx.),25.4350452423,81.7683792114
https://www.zomato.com/allahabad/nainital-momos-10-civil-lines,"Noodle, Corn Momo, Fried Momo, Chicken Tandoori Momos, Veg Momos, Honey Chilli Potatoes, Soupy Momos",25.4597619897,81.8386418000
https://www.zomato.com/allahabad/helipad-view-restaurant-and-banquet-hall-civil-lines,₹450 for two people (approx.),25.4630810000,81.8422700000
https://www.zomato.com/allahabad/vivek-momos-corner-1-chowk,₹150 for two people (approx.),25.4349911699,81.8430101126
https://www.zomato.com/allahabad/celebrity-bar-hotel-kanhashyam-civil-lines,Full Bar Available,25.4493193279,81.8327463046
https://www.zomato.com/allahabad/mama-pizza-civil-lines,₹300 for two people (approx.),25.4576880000,81.8356190000
https://www.zomato.com/allahabad/kalika-restaurant-teliarganj,₹200 for two people (approx.),25.5259248700,81.8550489000
https://www.zomato.com/allahabad/prabhat-foodies-and-ice-cream-parlour-allapur,₹150 for two people (approx.),25.4578530000,81.8690210000
https://www.zomato.com/allahabad/lazizo-restaurant-cafe-colonel-ganj,₹300 for two people (approx.),25.4626789093,81.8557205200
https://www.zomato.com/allahabad/rice-dabba-naini,₹150 for two people (approx.),25.4050636000,81.8790043000
https://www.zomato.com/allahabad/food-junction-teliarganj,₹200 for two people (approx.),25.4766826630,81.8495788574
https://www.zomato.com/allahabad/royals-kitchen-chowk,₹200 for two people (approx.),25.4396018982,81.8295364380
https://www.zomato.com/allahabad/spicy-hub-restaurant-naini,₹400 for two people (approx.),25.4097988487,81.8448018283
https://www.zomato.com/allahabad/hot-stuff-civil-lines,"Pizza, Noodle, Burgers, Kebab Platter, Hot Chocolate Fudge, Chicken Chowmein, Banana Split",25.4526318946,81.8347324803
https://www.zomato.com/allahabad/sajeevans-restuarant-naini,₹350 for two people (approx.),25.3733141789,81.8409136310
https://www.zomato.com/allahabad/al-baik-in-kareli,₹200 for two people (approx.),25.4303670000,81.8174740000
https://www.zomato.com/allahabad/aryan-familys-delight-civil-lines,"Thali, Noodle, Spring Roll, Hakka Noodles, Butter Chicken, Pizza, Biryani",25.4545369879,81.8348850310
https://www.zomato.com/allahabad/jannat-hotel-kanhashyam-civil-lines,Biryani,25.4495460821,81.8329384178
https://www.zomato.com/allahabad/balaji-rajasthan-misthan-bhandar-katra,₹100 for two people (approx.),25.4700085100,81.8556429818
https://www.zomato.com/allahabad/maharaja-restaurant-katra,₹250 for two people (approx.),25.4658670231,81.8508156762
https://www.zomato.com/allahabad/the-tandoori-flames-foodshala-naini,₹250 for two people (approx.),25.4119200000,81.8438515000
https://www.zomato.com/allahabad/bikanerwala-civil-lines,"Pav Bhaji, Raj Kachori, Chaat, Chole Bhature, Thali, Spring Roll, Dhokla",25.4513358811,81.8326148763
https://www.zomato.com/allahabad/al-habibi-kareli,₹300 for two people (approx.),25.4258550000,81.8169770000
https://www.zomato.com/allahabad/jai-maa-sharda-sweets-dosa-corner-teliarganj,₹200 for two people (approx.),25.4981350000,81.8627920000
https://www.zomato.com/allahabad/atariya-restaurant-naini,₹850 for two people (approx.),25.4064710000,81.8678620000
https://www.zomato.com/allahabad/the-second-wife-restaurant-cafe-rambagh,₹350 for two people (approx.),25.4368599066,81.8492526188
https://www.zomato.com/allahabad/blackout-juice-corner-teliarganj,₹150 for two people (approx.),25.4932232595,81.8611042947
https://www.zomato.com/allahabad/santosh-sweets-confectionery-bakers-teliarganj,₹200 for two people (approx.),25.4965673007,81.8619159982
https://www.zomato.com/allahabad/shree-ganesh-sweets-dhoomanganj,₹200 for two people (approx.),25.4480072332,81.7840732634
https://www.zomato.com/allahabad/delight-cakes-bamrouli,₹400 for two people (approx.),,
https://www.zomato.com/allahabad/gay-time-restaurant-civil-lines,"Butter Chicken, Chicken Handi, Biryani, Tandoori Chicken, Roti",25.4529255000,81.8365326000
https://www.zomato.com/allahabad/bukhara-point-civil-lines,₹300 for two people (approx.),25.4497638000,81.8384688000
https://www.zomato.com/allahabad/blend-theory-2-civil-lines,₹350 for two people (approx.),25.4561800000,81.8287913000
https://www.zomato.com/allahabad/gaya-chaat-corner-leader-road,₹100 for two people (approx.),25.4386090203,81.8233465031
https://www.zomato.com/allahabad/kallu-kabab-kareli,₹200 for two people (approx.),25.4312120000,81.8257744000
https://www.zomato.com/allahabad/paradise-civil-lines,"Hot Dog, Club Sandwich",25.4501830501,81.8317683041
https://www.zomato.com/allahabad/la-pinoz-pizza-civil-lines,₹800 for two people (approx.),25.4556619264,81.8340337649
https://www.zomato.com/allahabad/after-stories-cafe-dhoomanganj,₹300 for two people (approx.),25.4365840000,81.7599790000
https://www.zomato.com/allahabad/prayag-food-plaza-george-town,"Pav Bhaji, Burgers, Mixed Vegetables",25.4531154000,81.8607834000
https://www.zomato.com/allahabad/baskin-robbins-2-civil-lines,₹200 for two people (approx.),25.4530048000,81.8342081000
https://www.zomato.com/allahabad/shivam-sweets-rajrooppur,₹300 for two people (approx.),25.4370612513,81.7883450165
https://www.zomato.com/allahabad/natraj-restaurant-leader-road,₹400 for two people (approx.),25.4439170632,81.8271119893
https://www.zomato.com/allahabad/ansh-confectionary-dhoomanganj,₹200 for two people (approx.),25.4486220000,81.7605060000
https://www.zomato.com/allahabad/shri-annapurna-restaurant-katra,₹200 for two people (approx.),25.4612000000,81.8655500000
https://www.zomato.com/allahabad/spicy-bite-civil-lines,"Butter Chicken, Rumali Roti, Murgh Kalimirch, Biryani",,
https://www.zomato.com/allahabad/pizza-club-99-dhoomanganj,₹150 for two people (approx.),25.4473191000,81.7882666000
https://www.zomato.com/allahabad/punjabi-chaap-corner-2-civil-lines,₹500 for two people (approx.),25.4540750215,81.8292879313
https://www.zomato.com/allahabad/wasabi-restaurant-1-naini,₹300 for two people (approx.),25.4122320000,81.8426640000
https://www.zomato.com/allahabad/chaat-chatore-teliarganj,₹200 for two people (approx.),25.5292156000,81.8504740000
https://www.zomato.com/allahabad/bawarchi-non-veg-veg-restaurant-civil-lines,₹200 for two people (approx.),25.4573326111,81.8334808350
https://www.zomato.com/allahabad/the-manju-bakers-katra,₹150 for two people (approx.),25.4630715000,81.8469602000
https://www.zomato.com/allahabad/mast-banarasi-paan-ashok-nagar,₹100 for two people (approx.),25.4668440000,81.8255780000
https://www.zomato.com/allahabad/bablu-paratha-shop-teliarganj,₹100 for two people (approx.),25.4962588000,81.8539436000
https://www.zomato.com/allahabad/rang-mahal-hotel-ajay-international-civil-lines,"₹2,000 for two people (approx.)",25.4539306187,81.8280544505
https://www.zomato.com/allahabad/amrit-sweet-house-kareli,₹100 for two people (approx.),25.4298059000,81.8285184000
https://www.zomato.com/allahabad/samrat-dehati-rasgulla-civil-lines,₹100 for two people (approx.),25.4576166000,81.8316398000
https://www.zomato.com/allahabad/yadav-mishthan-bhandar-naini,₹200 for two people (approx.),25.3907279968,81.8630905151
https://www.zomato.com/allahabad/choco-pain-naini,₹150 for two people (approx.),25.4106779962,81.8438566849
https://www.zomato.com/allahabad/golden-rasoi-restaurant-leader-road,₹450 for two people (approx.),25.4428510000,81.8263920000
https://www.zomato.com/allahabad/celebrations-grill-lounge-ashok-nagar,₹600 for two people (approx.),25.4673823359,81.8225995079
https://www.zomato.com/allahabad/shalimar-restaurant-leader-road,₹200 for two people (approx.),25.4432304096,81.8262355775
https://www.zomato.com/allahabad/biryani-darbar-teliarganj,₹150 for two people (approx.),25.4799140000,81.8745442000
https://www.zomato.com/allahabad/jk-bakers-katra,₹200 for two people (approx.),25.4711336065,81.8525034562
https://www.zomato.com/allahabad/bakers-bakery-kareli,₹350 for two people (approx.),25.4319692000,81.8229455000
https://www.zomato.com/allahabad/pind-balluchi-civil-lines,"Dal Makhani, Biryani, Stuffed Kulcha, Garlic Naan, Matka Kulfi, Dhaba Meat, Dahi Kebab",25.4523627633,81.8328136951
https://www.zomato.com/allahabad/route-o-bakers-dhoomanganj,₹300 for two people (approx.),25.4491770000,81.7792290000
https://www.zomato.com/allahabad/kalptaru-sweets-n-bakery-lukerganj,"Pasta, Pizza",25.4440965796,81.8118820190
https://www.zomato.com/allahabad/aman-veg-pizza-point-allapur,₹200 for two people (approx.),25.4557410000,81.8697600000
https://www.zomato.com/allahabad/dilli-galiyara-civil-lines,"Vegetable Biryani, Tandoori Roti, Paneer Tikka",25.4546229631,81.8346443027
https://www.zomato.com/allahabad/z-street-naini,₹500 for two people (approx.),25.4096059380,81.8449972942
https://www.zomato.com/allahabad/cafe-bigboxx-civil-lines,"Pasta, Sushi, Fish",25.4517463929,81.8374706805
https://www.zomato.com/allahabad/new-om-shiv-bholey-fast-food-corner-dhoomanganj,₹200 for two people (approx.),25.4511026000,81.7780035000
https://www.zomato.com/allahabad/bliss-restro-naini,₹500 for two people (approx.),25.4100959364,81.8446167558
https://www.zomato.com/allahabad/dawat-ghar-chowk,₹100 for two people (approx.),25.4280070000,81.8359830000
https://www.zomato.com/allahabad/paapi-pate-kareli,₹300 for two people (approx.),25.4308815002,81.8288192749
https://www.zomato.com/allahabad/maujis-colonel-ganj,₹150 for two people (approx.),25.4593760000,81.8599815000
https://www.zomato.com/allahabad/shahenshah-fast-food-civil-lines,₹400 for two people (approx.),25.4509834939,81.8308003619
https://www.zomato.com/allahabad/hindustan-hotel-naini,₹250 for two people (approx.),25.3628116167,81.8374398351
https://www.zomato.com/allahabad/new-forex-restaurant-chowk,₹250 for two people (approx.),25.4378581000,81.8288807000
https://www.zomato.com/allahabad/new-bikaner-misthan-bhandar-george-town,₹200 for two people (approx.),25.4504576356,81.8584043160
https://www.zomato.com/allahabad/top-in-town-bakers-lukerganj,₹300 for two people (approx.),25.4404335022,81.8122482300
https://www.zomato.com/allahabad/maa-annapurna-bhojanalya-naini,₹150 for two people (approx.),25.3814144135,81.8702316284
https://www.zomato.com/allahabad/penguin-indian-mugal-foods-allapur,₹250 for two people (approx.),25.4548987494,81.8715069070
https://www.zomato.com/allahabad/r-v-v-restaurant-and-celebration-point-dhoomanganj,₹150 for two people (approx.),25.4547119141,81.7773590088
https://www.zomato.com/allahabad/ming-chi-garden-lukerganj,₹300 for two people (approx.),25.4433708191,81.8123550415
https://www.zomato.com/allahabad/makkhans-veg-restaurant-dhoomanganj,₹400 for two people (approx.),25.4462328249,81.7435987294
https://www.zomato.com/allahabad/mishra-mishthan-bhandar-katra,₹350 for two people (approx.),25.4646770000,81.8519890000
https://www.zomato.com/allahabad/bean-here-civil-lines,"Coffee, Choco Frappe, Brownie, French Fries, Cafe Mocha",25.4531053705,81.8328210711
https://www.zomato.com/allahabad/the-frozen-kitchen-1-leader-road,₹250 for two people (approx.),25.4434907000,81.8267056000
https://www.zomato.com/allahabad/9280-the-family-restaurant-civil-lines,Biryani,25.4528062696,81.8408754095
https://www.zomato.com/allahabad/sflix-cafe-civil-lines,₹300 for two people (approx.),25.4244100000,81.9184550000
https://www.zomato.com/allahabad/aladdin-2-0-naini,₹300 for two people (approx.),2.0,25.4101232000
https://www.zomato.com/allahabad/crispy-and-juicy-naini,₹250 for two people (approx.),25.4130704081,81.8445604295
https://www.zomato.com/allahabad/aagman-restaurant-katra,₹400 for two people (approx.),25.4656580000,81.8511430000
https://www.zomato.com/allahabad/khudaah-baksh-rajrooppur,₹300 for two people (approx.),25.4381710000,81.7926410000
https://www.zomato.com/allahabad/score-the-games-cafe-1-civil-lines,"Waffles, French Fries, Noodle, Hot Chocolate, Pizza Sandwich, Burgers, White Sauce Pasta",25.4511560548,81.8330980092
https://www.zomato.com/allahabad/r-p-restaurant-teliarganj,₹300 for two people (approx.),25.5236353000,81.8638725000
https://www.zomato.com/allahabad/rituraj-restaurant-colonel-ganj,₹350 for two people (approx.),25.4592858156,81.8592864275
https://www.zomato.com/allahabad/rolls-mania-ashok-nagar,"Rolls, Veggie Roll, Chicken Roll, Manchurian Roll",25.4669101270,81.8252146617
https://www.zomato.com/allahabad/fnpcakes-n-more-civil-lines,₹250 for two people (approx.),25.4556198120,81.8332672119
https://www.zomato.com/allahabad/busy-bee-restro-naini,₹700 for two people (approx.),25.4025507095,81.8687086925
https://www.zomato.com/allahabad/sudha-bakers-teliarganj,₹300 for two people (approx.),25.5255033000,81.8595383000
https://www.zomato.com/allahabad/vegees-tagore-town,₹150 for two people (approx.),25.4607530000,81.8634450000
https://www.zomato.com/allahabad/burger-games-2-katra,₹350 for two people (approx.),25.4756980000,81.8559340000
https://www.zomato.com/allahabad/desi-rasoi-catters-and-suppliers-katra,₹200 for two people (approx.),25.4772987366,81.8529968262
https://www.zomato.com/allahabad/auntys-kitchen-civil-lines,₹200 for two people (approx.),25.4645042419,81.8412933350
https://www.zomato.com/allahabad/hotel-naveen-continental-rambagh,₹250 for two people (approx.),25.4382122000,81.8395601000
https://www.zomato.com/allahabad/the-tasty-point-rambagh,₹250 for two people (approx.),25.4404271392,81.8472272158
https://www.zomato.com/allahabad/rizwan-moradabadi-chicken-biryani-leader-road,₹100 for two people (approx.),25.4432228407,81.8261577934
https://www.zomato.com/allahabad/kazuza-ind-naini,₹500 for two people (approx.),25.4119029776,81.8436263502
https://www.zomato.com/allahabad/maa-the-rasoi-civil-lines,₹250 for two people (approx.),25.4686940000,81.8648240000
https://www.zomato.com/allahabad/urthen-foods-teliarganj,₹150 for two people (approx.),25.4687061000,81.8647709000
https://www.zomato.com/allahabad/chaska-restaurant-teliarganj,₹200 for two people (approx.),25.4710304000,81.8109629000
https://www.zomato.com/allahabad/park-view-restaurant-bairahana,₹200 for two people (approx.),25.4318098000,81.8626793000
https://www.zomato.com/allahabad/baskin-robbins-civil-lines,₹200 for two people (approx.),25.4546232659,81.8346248567
https://www.zomato.com/allahabad/dee-street-1-civil-lines,₹200 for two people (approx.),25.4523780000,81.8288110000
https://www.zomato.com/allahabad/delight-the-pastry-shop-1-kareli,₹200 for two people (approx.),25.4306049347,81.8199005127
https://www.zomato.com/allahabad/abdullah-restaurant-leader-road,₹300 for two people (approx.),25.4433945044,81.8264464661
https://www.zomato.com/allahabad/bliss-bakers-by-janpriya-alopi-bagh,₹150 for two people (approx.),25.4474245000,81.8621627000
https://www.zomato.com/allahabad/celebrations-civil-lines,"Butter Chicken, Naan",25.4540165944,81.8370539323
https://www.zomato.com/allahabad/brij-biharilal-shakahari-bhojnalya-restaurant-teliarganj,₹300 for two people (approx.),,
https://www.zomato.com/allahabad/moti-mahal-delux-civil-lines,"Butter Chicken, Garlic Naan, Butter Naan, Tandoori Chicken, Malai Kofta, Dumpukht Biryani, Thali",25.4546205413,81.8346456438
https://www.zomato.com/allahabad/higgins-ix-c1-naini,Rooftop Ambience,25.4107827788,81.8438208103
https://www.zomato.com/allahabad/taste-of-prayagraj-2-dhoomanganj,₹300 for two people (approx.),25.4491100311,81.7644882202
https://www.zomato.com/allahabad/muktanandam-moti-mahal-delux-1-civil-lines,₹750 for two people (approx.),25.4520324788,81.8326272815
https://www.zomato.com/allahabad/happy-foods-and-beverages-civil-lines,₹120 for two people (approx.),25.4522285461,81.8428802490
https://www.zomato.com/allahabad/the-fuel-cafe-civil-lines,₹350 for two people (approx.),25.4546341641,81.8334738538
https://www.zomato.com/allahabad/sunil-chinese-fast-food-naini,Burgers,25.4010020000,81.8685530000
https://www.zomato.com/allahabad/shri-ram-bhojanalaya-leader-road,₹350 for two people (approx.),25.4439158522,81.8256022409
https://www.zomato.com/allahabad/pahalwan-juice-stuff-kareli,₹150 for two people (approx.),25.4316718000,81.8228555000
https://www.zomato.com/allahabad/shri-hari-sweet-house-dhoomanganj,Breakfast,25.4484722504,81.7808743939
https://www.zomato.com/allahabad/apne-ghar-se-katra,₹200 for two people (approx.),25.4772850000,81.8489460000
https://www.zomato.com/allahabad/jassis-snacks-on-wheels-katra,₹200 for two people (approx.),25.4767804209,81.8555591628
https://www.zomato.com/allahabad/bhaijaan-dum-biryani-civil-lines,₹200 for two people (approx.),25.4522322844,81.8347499147
https://www.zomato.com/allahabad/shahi-darbar-1-civil-lines,₹200 for two people (approx.),25.4304603016,81.8298471719
https://www.zomato.com/allahabad/whats-the-food-george-town,₹400 for two people (approx.),25.4497699738,81.8584365845
https://www.zomato.com/allahabad/tikk-tok-family-restaurant-naini,₹200 for two people (approx.),25.3872819000,81.8764381000
https://www.zomato.com/allahabad/sai-sagar-chaat-corner-tagore-town,₹150 for two people (approx.),25.4541990000,81.8610062000
https://www.zomato.com/allahabad/the-cook-cafe-civil-lines,₹200 for two people (approx.),25.4503290000,81.8183780000
https://www.zomato.com/allahabad/coffee-machine-the-cafe-1-civil-lines,"Red Velvet Shake, Pasta Arrabiata, Pizza, Sandwich, Peach Lemonade, Pancakes, Red Sauce Pasta",25.4571010815,81.8353668228
https://www.zomato.com/allahabad/avon-juice-corner-bairahana,₹200 for two people (approx.),,
https://www.zomato.com/allahabad/pride-inn-tantra-restaurant-civil-lines,₹600 for two people (approx.),25.4512211435,81.8331446126
https://www.zomato.com/allahabad/blackout-restro-naini,₹500 for two people (approx.),25.4098427608,81.8448772654
https://www.zomato.com/allahabad/jai-maa-sharda-bhojanalay-civil-lines,₹150 for two people (approx.),25.4507912546,81.8220714480
https://www.zomato.com/allahabad/pocket-meals-civil-lines,₹200 for two people (approx.),25.4521410000,81.8347770000
https://www.zomato.com/allahabad/makkhans-civil-lines,"Mocktails, Thali, Shahi Paneer, Butter Naan, Onion Rings",25.4546070099,81.8334579468
https://www.zomato.com/allahabad/the-pantry-car-civil-lines,"Burgers, Momos, Noodle, Chicken Wings",25.4553010753,81.8356548250
https://www.zomato.com/allahabad/burger-bistro-1-civil-lines,₹250 for two people (approx.),25.4568262000,81.8296077000
https://www.zomato.com/allahabad/chinese-restaurant-naini,₹400 for two people (approx.),25.4126770000,81.8441283000
https://www.zomato.com/allahabad/bati-chokha-wala-civil-lines,₹150 for two people (approx.),25.4509642000,81.8313292000
https://www.zomato.com/allahabad/naturelo-civil-lines,₹200 for two people (approx.),25.4532770000,81.8328850000
https://www.zomato.com/allahabad/qadir-baksh-sweets-kareli,₹300 for two people (approx.),25.4317905000,81.8233798000
https://www.zomato.com/allahabad/sai-dhosa-corner-kareli,₹200 for two people (approx.),25.4299221000,81.8310093000
https://www.zomato.com/allahabad/elaichi-restaurant-civil-lines,₹250 for two people (approx.),25.4484224000,81.8285345000
https://www.zomato.com/allahabad/coffee-calling-civil-lines,"Coffee, Burgers, Maggi, Paneer Roll, Chicken Pizza, Sandwich, Oreo Shake",25.4512453625,81.8367478251
https://www.zomato.com/allahabad/hobiza-george-town,₹200 for two people (approx.),25.4508210000,81.8574980000
https://www.zomato.com/allahabad/shahi-darbar-restaurant-naini,₹350 for two people (approx.),25.4028072000,81.8692821000
https://www.zomato.com/allahabad/nirala-chat-civil-lines,₹150 for two people (approx.),25.4540707000,81.8348917000
https://www.zomato.com/allahabad/statesman-house-rambagh,₹200 for two people (approx.),25.4398612976,81.8436889648
https://www.zomato.com/allahabad/ten-11-naini,₹500 for two people (approx.) with alcohol,25.4100668637,81.8445979804
https://www.zomato.com/allahabad/ncr-amul-cafe-teliarganj,₹200 for two people (approx.),25.4953556061,81.8615112305
https://www.zomato.com/allahabad/dehati-kitchen-civil-lines,₹350 for two people (approx.),,
https://www.zomato.com/allahabad/chillax-restaurant-naini,₹300 for two people (approx.),25.3430042849,81.8968162313
https://www.zomato.com/allahabad/kulhad-junction-civil-lines,₹300 for two people (approx.),25.4544693000,81.8426933000
https://www.zomato.com/allahabad/zimana-civil-lines,₹500 for two people (approx.),25.4491077104,81.8303520978
https://www.zomato.com/allahabad/edr-restaurant-allapur,₹600 for two people (approx.),25.4538776408,81.8718780577
https://www.zomato.com/allahabad/ghazipuri-pandit-jee-bhojanalaya-teliarganj,₹600 for two people (approx.),25.4952188008,81.8550193682
https://www.zomato.com/allahabad/the-vintage-kitchen-lukerganj,"Chicken Lollipop, Biryani, Naan, Fish, Butter Chicken",25.4431414000,81.8154909000
https://www.zomato.com/allahabad/republic-of-pizza-civil-lines,₹200 for two people (approx.),25.4576900000,81.8356350000
https://www.zomato.com/allahabad/the-ganges-bakers-katra,₹200 for two people (approx.),25.4529431053,81.8372225761
https://www.zomato.com/allahabad/kamdhenu-1-civil-lines,"Jalebi, Dahi Bhalle, Kulfi, Chaat",25.4530000000,81.8366750000
https://www.zomato.com/allahabad/the-kitchen-tagore-town,₹250 for two people (approx.),25.4529170990,81.8616714478
https://www.zomato.com/allahabad/meals-on-wheels-civil-lines,₹500 for two people (approx.),25.4543053994,81.8290874362
https://www.zomato.com/allahabad/shubhis-bake-a-wish-george-town,₹300 for two people (approx.),25.4544350000,81.8514330000
https://www.zomato.com/allahabad/aao-ji-haryana-dhaba-civil-lines,₹300 for two people (approx.),25.4505578425,81.8315668032
https://www.zomato.com/allahabad/gunjan-dosa-corner-kareli,₹200 for two people (approx.),25.4297900000,81.8309990000
https://www.zomato.com/allahabad/santosh-juice-corner-katra,₹150 for two people (approx.),25.4647327962,81.8522570282
https://www.zomato.com/allahabad/higgins-the-cloud-kitchen-katra,₹200 for two people (approx.),25.4645729000,81.8481989000
https://www.zomato.com/allahabad/pizza-wala-civil-lines,₹250 for two people (approx.),25.4577164000,81.8335004000
https://www.zomato.com/allahabad/satya-priya-civil-lines,₹200 for two people (approx.),25.4508448394,81.8316412346
https://www.zomato.com/allahabad/chaudhrys-kareli,₹250 for two people (approx.),25.4255960000,81.8193350000
https://www.zomato.com/allahabad/roll-mafia-civil-lines,₹200 for two people (approx.),25.4544693000,81.8426933000
https://www.zomato.com/allahabad/hotel-kaveri-gangotri-restaurant-meergunj,₹400 for two people (approx.),25.4396995922,81.8468168378
https://www.zomato.com/allahabad/hyderabadi-biryani-civil-lines,₹300 for two people (approx.),25.4518581027,81.8326919898
https://www.zomato.com/allahabad/sethi-punjab-dhaba-naini,₹250 for two people (approx.),25.3906567972,81.8627800047
https://www.zomato.com/allahabad/sainik-sweet-house-rajapur,₹100 for two people (approx.),25.4672827484,81.8236177415
https://www.zomato.com/allahabad/thali-express-civil-lines,Non Veg Thali,25.4522322844,81.8347499147
https://www.zomato.com/allahabad/kibriyaz-katra,₹700 for two people (approx.),25.4630318899,81.8491295725
https://www.zomato.com/allahabad/bigboxx-bakery-civil-lines,₹250 for two people (approx.),25.4539563509,81.8381355330
https://www.zomato.com/allahabad/jai-shri-shankar-bhojnalaya-civil-lines,Thali,25.4509526145,81.8309059739
https://www.zomato.com/allahabad/arth-foods-teliarganj,₹150 for two people (approx.),25.5292789000,81.8526322000
https://www.zomato.com/allahabad/giza-family-restaurant-kareli,₹500 for two people (approx.),25.4306840634,81.8278787658
https://www.zomato.com/allahabad/shivkripa-pizza-corner-kareli,₹400 for two people (approx.),25.4327760193,81.8123591691
https://www.zomato.com/allahabad/aroma-the-nonveg-factory-civil-lines,"Chicken Biryani, Butter Chicken",25.4529294823,81.8288473785
https://www.zomato.com/allahabad/al-brousts-de-fountain-restaurant-civil-lines,₹500 for two people (approx.),25.4529876072,81.8344230205
https://www.zomato.com/allahabad/fast-foodious-tagore-town,₹300 for two people (approx.),25.4491404067,81.8609742075
https://www.zomato.com/allahabad/kamdhenu-sweets-civil-lines,"Rasmalai, Kulfi, Gulab Jamun, Motichoor Ladoo",25.4504264534,81.8321894109
https://www.zomato.com/allahabad/chicago-pizza-katra,Chicago Pizza,25.4648614000,81.8524268000
https://www.zomato.com/allahabad/the-mughlai-hut-5-civil-lines,₹300 for two people (approx.),25.4527200000,81.8379420000
https://www.zomato.com/allahabad/forex-food-centre-civil-lines,₹200 for two people (approx.),25.4490280000,81.8304170000
https://www.zomato.com/allahabad/new-ghosh-sweet-house-bairahana,₹300 for two people (approx.),,
https://www.zomato.com/allahabad/punjabi-rasoi-kareli,₹100 for two people (approx.),25.4269523621,81.8336257935
https://www.zomato.com/allahabad/juice-stuff-naini,₹150 for two people (approx.),25.4139783009,81.8450757489
https://www.zomato.com/allahabad/the-yummy-food-allapur,₹150 for two people (approx.),25.4512613000,81.8730136000
https://www.zomato.com/allahabad/arabian-nights-naini,₹800 for two people (approx.),25.4097633000,81.8450851000
https://www.zomato.com/allahabad/d-hashtag-naini,₹500 for two people (approx.),25.4102550000,81.8422780000
https://www.zomato.com/allahabad/indian-coffee-house-civil-lines,"Coffee, Mutton Dosa, Egg Sandwich, Vada, Idli Sambar, Omelette, Masala Dosa",25.4505142480,81.8298401311
https://www.zomato.com/allahabad/nand-sweets-teliarganj,₹100 for two people (approx.),25.5292910000,81.8534972000
https://www.zomato.com/allahabad/chandra-sweets-tagore-town,₹300 for two people (approx.),25.4579547000,81.8608855000
https://www.zomato.com/allahabad/tandoor-restaurant-civil-lines,"Butter Chicken, Malai Kofta, Biryani",25.4505127343,81.8313559145
https://www.zomato.com/allahabad/little-china-civil-lines,₹500 for two people (approx.),25.4547070000,81.8346000000
https://www.zomato.com/allahabad/allahabadi-kabab-paratha-chowk,₹150 for two people (approx.),25.4389220900,81.8318632600
https://www.zomato.com/allahabad/rahman-sweet-house-meergunj,₹200 for two people (approx.),25.4388642550,81.8333732709
https://www.zomato.com/allahabad/shiv-mishthan-bhandar-rajrooppur,₹400 for two people (approx.),25.4383229026,81.7952912673
https://www.zomato.com/allahabad/the-baking-room-allapur,₹400 for two people (approx.),25.4556494291,81.8703064774
https://www.zomato.com/allahabad/tasty-bites-restaurant-dhoomanganj,₹100 for two people (approx.),25.4358024597,81.7765731812
https://www.zomato.com/allahabad/lazeez-darbar-civil-lines,₹500 for two people (approx.),25.4603044566,81.8385529518
https://www.zomato.com/allahabad/nandan-restaurant-george-town,₹200 for two people (approx.),25.4533197055,81.8604873866
https://www.zomato.com/allahabad/baba-bakery-confectionery-rajrooppur,₹250 for two people (approx.),25.4353523254,81.7709045410
https://www.zomato.com/allahabad/dosa-plaza-katra,Pav Bhaji,25.4686303509,81.8549851701
https://www.zomato.com/allahabad/the-bakers-table-george-town,₹300 for two people (approx.),25.4453060000,81.8561940000
https://www.zomato.com/allahabad/chill-lounge-civil-lines,₹800 for two people (approx.) Without alcohol,25.4519407497,81.8326507509
https://www.zomato.com/allahabad/eat-corner-kareli,₹250 for two people (approx.),25.4311450000,81.8262271000
https://www.zomato.com/allahabad/tuck-in-civil-lines,"Rolls, Biryani, Chicken Tikka Roll, Burgers",25.4541788581,81.8349688500
https://www.zomato.com/allahabad/goli-vada-pav-and-juxpux-kareli,₹300 for two people (approx.),25.4306883025,81.8298894167
https://www.zomato.com/allahabad/keventers-the-original-milkshake-civil-lines,Oreo Shake,25.4502693312,81.8335325271
https://www.zomato.com/allahabad/kaffe-kona-naini,"Pasta, Sandwich, Garlic Bread, Hot Chocolate",25.4115365444,81.8435619771
https://www.zomato.com/allahabad/ghareeb-nawaz-restaurant-lukerganj,₹500 for two people (approx.),25.4388416667,81.8037944445
https://www.zomato.com/allahabad/hot-pizza-king-katra,₹200 for two people (approx.),25.4612000000,81.8655500000
https://www.zomato.com/allahabad/mr-chicken-civil-lines,₹200 for two people (approx.),25.4565773010,81.8353881836
https://www.zomato.com/allahabad/suvisto-shakes-cafe-george-town,₹250 for two people (approx.),25.4493726342,81.8544450292
https://www.zomato.com/allahabad/uttil-lukerganj,₹150 for two people (approx.),25.4433855000,81.8042109000
https://www.zomato.com/allahabad/hotel-ravisha-continental-civil-lines,Garlic Naan,25.4524678124,81.8237119541
https://www.zomato.com/allahabad/golden-plate-civil-lines,₹400 for two people (approx.),25.4613723755,81.8281784058
https://www.zomato.com/allahabad/the-great-indian-bbq-joint-civil-lines,₹300 for two people (approx.),25.4577732086,81.8333892822
https://www.zomato.com/allahabad/millennium-restaurant-teliarganj,₹300 for two people (approx.),25.4959030393,81.8618714064
https://www.zomato.com/allahabad/chaishala-kareli,₹250 for two people (approx.),,
https://www.zomato.com/allahabad/the-oliver-naini,₹400 for two people (approx.),25.4104217000,81.8422650000
https://www.zomato.com/allahabad/agrawal-brothers-dalmoth-wala-pvt-ltd-kareli,₹100 for two people (approx.),25.4389753712,81.8363615870
https://www.zomato.com/allahabad/shahi-chicken-biryani-kareli,₹200 for two people (approx.),25.4334602356,81.8227310181
https://www.zomato.com/allahabad/samira-restaurant-leader-road,₹600 for two people (approx.),25.4419279370,81.8269336224
https://www.zomato.com/allahabad/satkar-shakahari-bhojnalaya-leader-road,₹300 for two people (approx.),25.4438076019,81.8258209229
https://www.zomato.com/allahabad/waah-thali-katra,₹200 for two people (approx.),25.4687175000,81.8551179000
https://www.zomato.com/allahabad/up-70-your-kitchen-naini,₹300 for two people (approx.),25.4097462000,81.8425989000
https://www.zomato.com/allahabad/harish-bhojanalaya-restaurant-civil-lines,"Thali, Kulcha",25.4604664000,81.8374338000
https://www.zomato.com/allahabad/biryani-badshah-katra,₹200 for two people (approx.),25.4612000000,81.8655500000
https://www.zomato.com/allahabad/cuppa-nest-naini,₹200 for two people (approx.),25.3859577179,81.8757553101
https://www.zomato.com/allahabad/kathi-junction-2-dhoomanganj,₹150 for two people (approx.),25.4508445000,81.7791243000
https://www.zomato.com/allahabad/chai-onn-tagore-town,₹200 for two people (approx.),25.4526980000,81.8638310000
https://www.zomato.com/allahabad/andeywala-chowk,₹200 for two people (approx.),25.4416862000,81.8381922000
https://www.zomato.com/allahabad/made-with-more-civil-lines,₹200 for two people (approx.),25.4553010753,81.8356548250
https://www.zomato.com/allahabad/cravings-food-corner-civil-lines,₹250 for two people (approx.),25.4554370000,81.8350240000
https://www.zomato.com/allahabad/wafl-cafe-civil-lines,₹650 for two people (approx.),25.4280186000,81.9155512000
https://www.zomato.com/allahabad/tamboora-civil-lines,₹600 for two people (approx.),25.4520436800,81.8326591328
https://www.zomato.com/allahabad/chatkara-bites-george-town,₹100 for two people (approx.),25.4500160217,81.8588256836
https://www.zomato.com/allahabad/art-of-spices-civil-lines,₹600 for two people (approx.),25.4507912546,81.8220714480
https://www.zomato.com/allahabad/arsalan-handi-biryani-civil-lines,Handi Biryani,25.4520473480,81.8223037720
https://www.zomato.com/allahabad/dastarkhwan-tagore-town,₹400 for two people (approx.),25.4550486001,81.8606764823
https://www.zomato.com/allahabad/green-bean-cafe-restaurant-george-town,₹200 for two people (approx.),25.4545890000,81.8604520000
https://www.zomato.com/allahabad/jai-shri-ram-sweet-house-dhoomanganj,₹200 for two people (approx.),25.4528920000,81.7799450000
https://www.zomato.com/allahabad/traffic-jam-civil-lines,"Keema Biryani, Paratha, Galauti Kebab",25.4582239000,81.8345915000
https://www.zomato.com/allahabad/darshan-sweets-rajapur,₹250 for two people (approx.),,
https://www.zomato.com/allahabad/lallu-bakers-hut-naini,₹300 for two people (approx.),25.4097395000,81.8446670000
https://www.zomato.com/allahabad/al-baik-zaika-naini,₹100 for two people (approx.),25.4152870178,81.8417587280
https://www.zomato.com/allahabad/bercos-4-civil-lines,"₹1,600 for two people (approx.)",25.4522500000,81.8328900000
https://www.zomato.com/allahabad/the-hungers-hope-kareli,₹200 for two people (approx.),25.4276080000,81.8236080000
https://www.zomato.com/allahabad/mirchi-the-taste-of-india-1-dhoomanganj,₹600 for two people (approx.),25.4490510974,81.7550896481
https://www.zomato.com/allahabad/kalash-sweets-meergunj,₹400 for two people (approx.),25.4392981224,81.8469231203
https://www.zomato.com/allahabad/reserveseats-katra,"Paneer Do Pyaza, Burgers, Raita, Fried Rice",25.4726282705,81.8573153391
https://www.zomato.com/allahabad/new-fast-food-plaza-1-naini,₹400 for two people (approx.),25.3769226000,81.8726501000
https://www.zomato.com/allahabad/real-cake-place-govindpur,₹300 for two people (approx.),25.4408501014,81.8407352641
https://www.zomato.com/allahabad/darbar-e-awadh-afghani-chicken-civil-lines,₹250 for two people (approx.),25.4503402710,81.8305969238
https://www.zomato.com/allahabad/old-town-civil-lines,"Butter Chicken, Butter Naan, Thali",25.4597068953,81.8351602927
https://www.zomato.com/allahabad/brunch-and-munch-restaurant-naini,₹250 for two people (approx.),25.4132858000,81.8447837000
https://www.zomato.com/allahabad/34-stairs-allapur,₹300 for two people (approx.),25.4578670000,81.8679660000
https://www.zomato.com/allahabad/rahul-restaurant-rajrooppur,₹400 for two people (approx.),25.4374462000,81.7875069000
https://www.zomato.com/allahabad/relish-restaurant-the-legend-hotel-civil-lines,Pasta,25.4604739770,81.8332995102
https://www.zomato.com/allahabad/star-family-restaurant-dhoomanganj,₹500 for two people (approx.),25.4465834096,81.7911439016
https://www.zomato.com/allahabad/day-night-restaurant-kareli,₹150 for two people (approx.),25.4307449000,81.8280451000
https://www.zomato.com/allahabad/new-hotstuff-civil-lines,₹250 for two people (approx.),25.4526318946,81.8347324803
https://www.zomato.com/allahabad/hot-n-cool-colonel-ganj,"Burgers, Rolls, Fried Rice, Veggie Pizza, French Fries, Double Cheese Pizza, Paneer Pizza",25.4599708640,81.8593699113
https://www.zomato.com/allahabad/extra-class-cafe-civil-lines,₹250 for two people (approx.),25.4520112000,81.8354277000
https://www.zomato.com/allahabad/skylight-coffee-cafe-civil-lines,₹800 for two people (approx.),25.4507281500,81.8225396500
https://www.zomato.com/allahabad/shiva-chaat-bairahana,₹100 for two people (approx.),25.4411970000,81.8655150000
https://www.zomato.com/allahabad/fresh-up-fruits-and-juice-cafe-george-town,₹100 for two people (approx.),25.4705460000,81.8455739000
https://www.zomato.com/allahabad/al-fresco-rajrooppur,₹700 for two people (approx.),25.4318849000,81.7877170000
https://www.zomato.com/allahabad/chunnilal-cafe-civil-lines,₹200 for two people (approx.),25.4577164000,81.8335004000
https://www.zomato.com/allahabad/ande-ka-funda-leader-road,₹150 for two people (approx.),25.4384155503,81.8296885863
https://www.zomato.com/allahabad/chat-pataas-eggeteria-rambagh,₹150 for two people (approx.),25.4327316000,81.8494415000
https://www.zomato.com/allahabad/cafe-sense-george-town,Pizza,25.4520300000,81.8619460000
https://www.zomato.com/allahabad/baba-biryani-1-civil-lines,"Malai Tikka, Raita, Butter Chicken",25.4554270100,81.8360980600
https://www.zomato.com/allahabad/star-pizza-and-sweets-naini,₹200 for two people (approx.),25.4047840000,81.8719010000
https://www.zomato.com/allahabad/delight-the-pastry-shop-kareli,₹250 for two people (approx.),25.4306550000,81.8198270000
https://www.zomato.com/allahabad/allahabadi-kabab-paratha-kareli,₹200 for two people (approx.),25.4309911000,81.8266641000
https://www.zomato.com/allahabad/haji-abul-hasim-biryani-vale-meergunj,₹200 for two people (approx.),25.4388436667,81.8336887658
https://www.zomato.com/allahabad/dev-cafe-and-family-restaurant-naini,₹400 for two people (approx.),25.3826066000,81.8709053000
https://www.zomato.com/allahabad/ganga-sweets-naini,₹150 for two people (approx.),25.3829722281,81.8723437563
https://www.zomato.com/allahabad/dine-out-naini,₹300 for two people (approx.),25.4097964000,81.8448566700
https://www.zomato.com/allahabad/zaika-pizza-point-dhoomanganj,₹200 for two people (approx.),25.4521670000,81.7839440000
https://www.zomato.com/allahabad/thali-bhog-naini,₹150 for two people (approx.),25.4050636000,81.8790043000
https://www.zomato.com/allahabad/top-in-town-lukerganj,₹250 for two people (approx.),,
https://www.zomato.com/allahabad/uspfc-2-civil-lines,Pizza,25.4479999673,81.8343995512
https://www.zomato.com/allahabad/gourmet-family-restaurant-dhoomanganj,₹300 for two people (approx.),25.4470405579,81.7895507813
https://www.zomato.com/allahabad/fire-at-night-civil-lines,Cold Coffee,25.4498766762,81.8342815340
https://www.zomato.com/allahabad/goli-vada-paav-no-1-allapur,₹250 for two people (approx.),25.4560339771,81.8697855994
https://www.zomato.com/allahabad/cafe-coffee-day-1-civil-lines,₹500 for two people (approx.),,
https://www.zomato.com/allahabad/special-shahi-sheermaal-kareli,₹200 for two people (approx.),25.4336573000,81.8225949000
https://www.zomato.com/allahabad/al-baik-zone-kareli,"Biryani, Burgers, Shawarma, Chicken Nuggets",25.4319060000,81.8171460000
https://www.zomato.com/allahabad/tiffinz-rajapur,₹200 for two people (approx.),25.4689253263,81.8404310457
https://www.zomato.com/allahabad/satkar-hotel-leader-road,₹500 for two people (approx.),25.4445361985,81.8256810308
https://www.zomato.com/allahabad/hungershunt-teliarganj,₹500 for two people (approx.),25.4951950000,81.8713840000
https://www.zomato.com/allahabad/mohit-cafe-katra,₹100 for two people (approx.),25.4628610000,81.8545280000
https://www.zomato.com/allahabad/live-ice-cream-rolls-civil-lines,₹300 for two people (approx.),25.4503970000,81.8314170000
https://www.zomato.com/allahabad/warsi-restaurant-kareli,₹200 for two people (approx.),25.4311718566,81.8261158839
https://www.zomato.com/allahabad/vrindavan-restaurant-and-food-court-naini,₹200 for two people (approx.),25.4084948000,81.8457812000
https://www.zomato.com/allahabad/hira-halwayi-civil-lines,₹300 for two people (approx.),25.4598149651,81.8363223597
https://www.zomato.com/allahabad/the-second-wife-george-town,"Honey Chilli Potatoes, Paneer Pasanda",25.4491945978,81.8542311341
https://www.zomato.com/allahabad/madhur-milan-sweets-meergunj,₹400 for two people (approx.),25.4394413316,81.8469097093
https://www.zomato.com/allahabad/golden-plate-the-healthy-food-civil-lines,₹400 for two people (approx.),25.4605770111,81.8282928467
https://www.zomato.com/allahabad/twilight-cafe-and-restaurant-naini,₹250 for two people (approx.),25.4097413000,81.8449953000
https://www.zomato.com/allahabad/haldiram-bhujiawala-civil-lines,"Raj Kachori, Chole Bhature, Thali, Cheese Sandwich",25.4556116737,81.8342027441
https://www.zomato.com/allahabad/punjabi-tadka-civil-lines,₹500 for two people (approx.),25.4541349622,81.8349158764
https://www.zomato.com/allahabad/daawat-the-restaurant-dhoomanganj,₹250 for two people (approx.),25.4493790000,81.7661130000
https://www.zomato.com/allahabad/new-jai-shankar-bhojanalaya-civil-lines,₹300 for two people (approx.),25.4585877463,81.8275216967
https://www.zomato.com/allahabad/hotel-kanha-shyam-civil-lines,Biryani,25.4575657608,81.8356263265
https://www.zomato.com/allahabad/aladdins-family-restaurant-naini,₹250 for two people (approx.),25.4067687988,81.8676376343
https://www.zomato.com/allahabad/mera-gaon-dhoomanganj,₹850 for two people (approx.),25.4481025982,81.7459071055
https://www.zomato.com/allahabad/rajpoot-bar-restaurant-meergunj,₹800 for two people (approx.) with alcohol,,
https://www.zomato.com/allahabad/egg-dee-civil-lines,₹150 for two people (approx.),25.4520864000,81.8350637000
https://www.zomato.com/allahabad/soyu-chicken-biryani-corner-katra,₹200 for two people (approx.),25.4702028430,81.8455644821
https://www.zomato.com/allahabad/street-cafe-dhoomanganj,₹300 for two people (approx.),25.4468441010,81.7907638550
https://www.zomato.com/allahabad/softy-corner-civil-lines,₹150 for two people (approx.),25.4494912857,81.8394987658
https://www.zomato.com/allahabad/hotel-yash-padam-continental-civil-lines,₹300 for two people (approx.),25.4520040000,81.8201627000
https://www.zomato.com/allahabad/cream-bell-scoopers-civil-lines,₹200 for two people (approx.),25.4508300052,81.8295551464
https://www.zomato.com/allahabad/dosa-corner-leader-road,₹100 for two people (approx.),25.4420284537,81.8376094848
https://www.zomato.com/allahabad/new-amber-cafe-civil-lines,₹400 for two people (approx.),25.4506529028,81.8301938474
https://www.zomato.com/allahabad/7th-heaven-civil-lines,"Sandwich, Cheesecake, Cupcake, White Sauce Pasta, Chocolate Truffle Cake, Chocolate Pizza",25.4509577611,81.8311906233
https://www.zomato.com/allahabad/the-downtown-kitchen-teliarganj,₹200 for two people (approx.),25.4980798056,81.8628671765
https://www.zomato.com/allahabad/nidhi-bhojanalaya-bairahana,₹300 for two people (approx.),,
https://www.zomato.com/allahabad/occasion-katra,₹150 for two people (approx.),25.4777211000,81.8606681000
https://www.zomato.com/allahabad/live-icecream-rolls-civil-lines,₹200 for two people (approx.),25.4504210041,81.8314001709
https://www.zomato.com/allahabad/balaji-fast-food-dhoomanganj,₹150 for two people (approx.),25.4262560000,81.9130550000
https://www.zomato.com/allahabad/dilli-chicken-darbar-leader-road,₹400 for two people (approx.),25.4428819345,81.8353269249
https://www.zomato.com/allahabad/hot-grillzz-bairahana,₹200 for two people (approx.),25.4376350000,81.8568190000
https://www.zomato.com/allahabad/temptations-katra,₹400 for two people (approx.),25.4778213501,81.8604278564
https://www.zomato.com/allahabad/brewbakes-civil-lines,"Pizza, Sandwich, Burgers, Coffee, Barbeque Burger, White Sauce Pasta, Hot Chocolate",25.4597093170,81.8388701230
https://www.zomato.com/allahabad/moonshine-civil-lines,₹500 for two people (approx.),25.4556964372,81.8414859474
https://www.zomato.com/allahabad/pizza-100-percent-rajrooppur,₹250 for two people (approx.),25.4306411743,81.7892303467
https://www.zomato.com/allahabad/london-live-katra,"Noodle, Chicken Thali, Spring Roll, Chicken 65, Hakka Noodles, Veg Thali",25.4612000000,81.8655500000
https://www.zomato.com/allahabad/friendz-corner-teliarganj,₹300 for two people (approx.),25.4950308691,81.8614657223
https://www.zomato.com/allahabad/zaika-restaurant-civil-lines,₹800 for two people (approx.),25.4527493556,81.8283525109
https://www.zomato.com/allahabad/pizza-hut-civil-lines,"Pizza, Garlic Bread",25.4558653587,81.8354020268
https://www.zomato.com/allahabad/shri-ram-bhog-sweets-restaurant-alopi-bagh,₹200 for two people (approx.),25.4424462634,81.8681149185
https://www.zomato.com/allahabad/angeethi-civil-lines,₹300 for two people (approx.),25.4627428000,81.8627237000
https://www.zomato.com/allahabad/vipin-sweets-meergunj,₹300 for two people (approx.),25.4395863572,81.8344568834
https://www.zomato.com/allahabad/zayka-1-dhoomanganj,₹500 for two people (approx.),25.4492469723,81.7646188661
https://www.zomato.com/allahabad/moms-mughlai-food-kareli,₹400 for two people (approx.),25.4339667000,81.8151322000
https://www.zomato.com/allahabad/shahi-darbar-restaurant-kareli,"Biryani, Raita",25.4306354523,81.8296051025
https://www.zomato.com/allahabad/gyan-vaishno-bhojanalaya-leader-road,₹300 for two people (approx.),25.4438846682,81.8255874887
https://www.zomato.com/allahabad/desi-kitchen-kareli,₹170 for two people (approx.),25.4289566000,81.8350667000
https://www.zomato.com/allahabad/pandit-ji-ki-chaat-colonel-ganj,₹70 for two people (approx.),25.4582269041,81.8536698818
https://www.zomato.com/allahabad/the-london-shakes-and-cafe-civil-lines,"Fries, White Sauce Pasta, Burgers, Mojito, Cheese Nachos, Maggi, Cheese Burger",25.4542580000,81.8333300000
https://www.zomato.com/allahabad/biryani-roots-civil-lines,₹300 for two people (approx.),25.4556619264,81.8340337649
https://www.zomato.com/allahabad/vinayak-sai-restaurant-dhoomanganj,₹250 for two people (approx.),25.4493790000,81.7661130000
https://www.zomato.com/allahabad/mehfil-restaurant-civil-lines,₹500 for two people (approx.),25.4496847379,81.8393405154
https://www.zomato.com/allahabad/s-cafe-teliarganj,₹500 for two people (approx.),25.4982338392,81.8601336703
https://www.zomato.com/allahabad/the-godfather-teliarganj,₹150 for two people (approx.),25.4919290000,81.8745390000
https://www.zomato.com/allahabad/eden-by-connoisseur-civil-lines,"Vanilla Ice Cream, Hot Coffee, Nihari, Spaghetti, Hazelnut Cold Coffee",25.4498680000,81.8336210000
https://www.zomato.com/allahabad/aslam-biryani-house-chowk,₹200 for two people (approx.),25.4389260000,81.8337290000
https://www.zomato.com/allahabad/combo-king-civil-lines,₹450 for two people (approx.),25.4493750326,81.8344451487
https://www.zomato.com/allahabad/foodoos-ashok-nagar,₹300 for two people (approx.),25.4675390000,81.8206780000
https://www.zomato.com/allahabad/art-of-rolls-civil-lines,₹200 for two people (approx.),25.4510785538,81.8295246363
https://www.zomato.com/allahabad/lucky-snacks-sweets-civil-lines,₹350 for two people (approx.),25.4509853103,81.8346201628
https://www.zomato.com/allahabad/the-hide-out-naini,₹500 for two people (approx.),25.4097213745,81.8448257446
https://www.zomato.com/allahabad/balaji-idli-house-tagore-town,₹500 for two people (approx.),25.4586249808,81.8656221405
https://www.zomato.com/allahabad/fauji-bhojanalaya-sweets-katra,₹150 for two people (approx.),25.4647321908,81.8487413228
https://www.zomato.com/allahabad/guru-kripa-bhojnalaya-dhoomanganj,Roti,25.4493790000,81.7661130000
https://www.zomato.com/allahabad/kwality-restaurant-civil-lines,₹700 for two people (approx.),25.4510043828,81.8317693099
https://www.zomato.com/allahabad/china-town-fast-food-civil-lines,₹150 for two people (approx.),25.4302068659,81.8300708011
https://www.zomato.com/allahabad/the-urban-masala-katra,₹200 for two people (approx.),25.4726420400,81.8572411000
https://www.zomato.com/allahabad/dilbahar-lassi-house-kareli,₹200 for two people (approx.),25.4312446000,81.8261775000
https://www.zomato.com/allahabad/bebos-kitchen-rajrooppur,₹400 for two people (approx.),25.4363058286,81.7889518663
https://www.zomato.com/allahabad/kareli-amul-ice-cream-kareli,₹200 for two people (approx.),25.4546023775,81.8346506730
https://www.zomato.com/allahabad/appetour-frotica-civil-lines,₹300 for two people (approx.),25.4550888630,81.8414229155
https://www.zomato.com/allahabad/rockk-onn-colonel-ganj,₹400 for two people (approx.),25.4700107574,81.8550491333
https://www.zomato.com/allahabad/khalifa-shawarma-time-teliarganj,Home Delivery,,
https://www.zomato.com/allahabad/chunni-lal-soni-bhothalya-civil-lines,₹200 for two people (approx.),25.4496490144,81.8323889002
https://www.zomato.com/allahabad/food-square-katra,₹300 for two people (approx.),25.4739758131,81.8474548683
https://www.zomato.com/allahabad/shakes-factory-1-civil-lines,₹150 for two people (approx.),25.4576900000,81.8356350000
https://www.zomato.com/allahabad/pizza-nation-civil-lines,₹100 for two people (approx.),25.4520473480,81.8223037720
https://www.zomato.com/allahabad/black-out-restaurant-teliarganj,"Kadhai Murgh, Murgh Angara, Roasted Chicken, Tandoori Roti, Chicken Handi, Butter Chicken",25.4933473388,81.8609634787
https://www.zomato.com/allahabad/taiba-fast-food-corner-naini,₹200 for two people (approx.),25.4142036438,81.8420715332
https://www.zomato.com/allahabad/ramayan-hotel-rambagh,Outdoor Seating,25.4398273598,81.8462807313
https://www.zomato.com/allahabad/eat-on-civil-lines,"Chicken Biryani, Roasted Chicken, Bhatti Chicken, Paratha, Masala Rice, Hyderabadi Biryani",25.4480960000,81.8309510000
https://www.zomato.com/allahabad/vadilal-scoop-shop-1-naini,₹200 for two people (approx.),25.4096856000,81.8445708000
https://www.zomato.com/allahabad/bonfire-x-restro-kareli,₹600 for two people (approx.),25.4258699139,81.8167606741
https://www.zomato.com/allahabad/kalika-restaurant-2-civil-lines,₹400 for two people (approx.),25.4594917000,81.8378733000
https://www.zomato.com/allahabad/usa-pizza-teliarganj,₹300 for two people (approx.),25.5292693416,81.8526340031
https://www.zomato.com/allahabad/shere-punjab-hotel-leader-road,₹500 for two people (approx.),25.4438758883,81.8257232755
https://www.zomato.com/allahabad/urban-cafe-tagore-town,₹200 for two people (approx.),25.4482590000,81.8637230000
https://www.zomato.com/allahabad/egg-spectation-hotel-milan-palace-civil-lines,"₹1,000 for two people (approx.)",25.4513050019,81.8305586278
https://www.zomato.com/allahabad/prayagraj-veg-non-veg-restaurant-dhoomanganj,₹300 for two people (approx.),25.4521884918,81.7771835327
https://www.zomato.com/allahabad/maggi-point-dhoomanganj,₹100 for two people (approx.),25.4521670000,81.7839440000
https://www.zomato.com/allahabad/shisha-nights-naini,₹500 for two people (approx.) with alcohol,25.4104493519,81.8423006684
https://www.zomato.com/allahabad/leisure-sky-lounge-civil-lines,₹800 for two people (approx.) with alcohol,25.4468029000,81.8400959000
https://www.zomato.com/allahabad/kathi-express-colonel-ganj,"Rolls, Shawarma, Veggie Roll, Fried Rice, Chowmein",25.4609931318,81.8564060703
https://www.zomato.com/allahabad/taste-in-kasba-civil-lines,₹500 for two people (approx.),25.4598297982,81.8344397843
https://www.zomato.com/allahabad/cafe-1866-bairahana,₹400 for two people (approx.),25.4553658591,81.8383537978
https://www.zomato.com/allahabad/food-village-restaurant-rajrooppur,₹500 for two people (approx.),,
https://www.zomato.com/allahabad/chic-chic-chickens-civil-lines,₹200 for two people (approx.),25.4576900000,81.8356350000
https://www.zomato.com/allahabad/baati-chokha-family-restaurant-civil-lines,₹400 for two people (approx.),25.4515283000,81.7602089000
https://www.zomato.com/allahabad/mharo-aangan-civil-lines,₹500 for two people (approx.),25.4479821053,81.8321813643
https://www.zomato.com/allahabad/new-shanti-bhojanalaya-alopi-bagh,₹400 for two people (approx.),25.4425065127,81.8681598455
https://www.zomato.com/allahabad/bukhara-point-chowk,₹400 for two people (approx.),25.4404307723,81.8417575210
https://www.zomato.com/allahabad/karns-restaurant-dhoomanganj,₹200 for two people (approx.),25.4492198000,81.7812523000
https://www.zomato.com/allahabad/maa-sharda-food-point-katra,Masala Dosa,25.4612000000,81.8655500000
https://www.zomato.com/allahabad/veda-restaurant-rambagh,₹500 for two people (approx.),25.4403245017,81.8463457748
https://www.zomato.com/allahabad/hotel-harsh-civil-lines,₹250 for two people (approx.),25.4511220000,81.8291150000
https://www.zomato.com/allahabad/barbeque-nation-george-town,"Paneer Tikka, Biryani, Kulfi, Phirni, Mutton Seekh, Dal Makhani, Brownie",25.4494530000,81.8395360000
https://www.zomato.com/allahabad/kamna-restaurant-tagore-town,₹300 for two people (approx.),25.4581481967,81.8645257875
https://www.zomato.com/allahabad/lazeez-restaurant-allapur,₹250 for two people (approx.),25.4501809310,81.8739423528
https://www.zomato.com/allahabad/shanti-kulfi-civil-lines,₹150 for two people (approx.),25.4498703186,81.8361614272
https://www.zomato.com/allahabad/cannington-cafe-restaurant-civil-lines,₹500 for two people (approx.),25.4504897261,81.8303453922
https://www.zomato.com/allahabad/blue-spark-civil-lines,₹250 for two people (approx.),25.4515647888,81.8331909180
https://www.zomato.com/allahabad/the-carne-kareli,₹300 for two people (approx.),25.4315288000,81.8235998000
https://www.zomato.com/allahabad/vrindavan-restaurant-food-court-naini,₹450 for two people (approx.),25.4086646994,81.8458499014
https://www.zomato.com/allahabad/chennai-express-katra,₹200 for two people (approx.),25.4612000000,81.8655500000
https://www.zomato.com/allahabad/albaik-arabian-restaurant-kareli,₹200 for two people (approx.),25.4273628400,81.8156350000
https://www.zomato.com/allahabad/paramount-bakers-george-town,₹200 for two people (approx.),25.4517300000,81.8595200000
https://www.zomato.com/allahabad/rohit-dosa-corner-allapur,₹200 for two people (approx.),25.4559885682,81.8697463721
https://www.zomato.com/allahabad/kesarwani-chaat-george-town,₹100 for two people (approx.),25.4469454977,81.8521805853
https://www.zomato.com/allahabad/tastoz-civil-lines,₹150 for two people (approx.),25.4696998596,81.8220748901
https://www.zomato.com/allahabad/foodilicious-civil-lines,₹150 for two people (approx.),25.4520473480,81.8223037720
https://www.zomato.com/allahabad/shri-gupta-masala-dosa-1-naini,₹150 for two people (approx.),25.3904914856,81.8634109497
https://www.zomato.com/allahabad/u-s-pizza-katra,₹400 for two people (approx.),25.4750480000,81.8582670000
https://www.zomato.com/allahabad/chicken-khurana-civil-lines,₹200 for two people (approx.),25.4493750326,81.8344451487
https://www.zomato.com/allahabad/gulmarg-mughlai-restaurant-meergunj,₹300 for two people (approx.),25.4374161015,81.8461479619
https://www.zomato.com/allahabad/new-kushwaha-sweet-house-teliarganj,₹200 for two people (approx.),25.4970130920,81.8560562134
https://www.zomato.com/allahabad/mishra-bhojanalaya-leader-road,₹350 for two people (approx.),25.4435940216,81.8252481893
https://www.zomato.com/allahabad/marhaba-family-restuarant-naini,₹350 for two people (approx.),25.4108047485,81.8438339233
https://www.zomato.com/allahabad/agaman-restaurant-katra,₹300 for two people (approx.),,
https://www.zomato.com/allahabad/natraj-savour-teliarganj,₹200 for two people (approx.),25.4962630000,81.8562540000
https://www.zomato.com/allahabad/kitchen-king-kareli,₹200 for two people (approx.),25.4270555000,81.8062122000
https://www.zomato.com/allahabad/yash-confectionary-1-katra,₹100 for two people (approx.),25.4687560000,81.8646090000
https://www.zomato.com/allahabad/ganga-sweet-house-naini,₹150 for two people (approx.),25.3828019000,81.8697787000
https://www.zomato.com/allahabad/mr-dewsis-civil-lines,"Dal Makhani, Pizza, Veg Thali",25.4520473480,81.8223037720
https://www.zomato.com/allahabad/bombay-fruit-cream-chowk,₹100 for two people (approx.),25.4364159000,81.8437940000
https://www.zomato.com/allahabad/curry-leaf-civil-lines,₹500 for two people (approx.),25.4551194000,81.8374284000
https://www.zomato.com/allahabad/dhaba-cafe-civil-lines,₹700 for two people (approx.),25.4545899656,81.8423476070
https://www.zomato.com/allahabad/pizza-king-99-allapur,₹350 for two people (approx.),25.4557260000,81.8717260000
https://www.zomato.com/allahabad/eat-on-way-rajapur,₹150 for two people (approx.),25.4661910000,81.8377520000
https://www.zomato.com/allahabad/the-hunt-bakers-naini,₹150 for two people (approx.),25.4092261728,81.8452618271
https://www.zomato.com/allahabad/lucknow-kabab-paratha-kareli,₹250 for two people (approx.),25.4314479828,81.8250961304
https://www.zomato.com/allahabad/cake-24x7-chowk,₹700 for two people (approx.),25.4326369000,81.8483594000
https://www.zomato.com/allahabad/devanshi-food-plaza-1-katra,₹150 for two people (approx.),25.4692854000,81.8551518000
https://www.zomato.com/allahabad/al-baik-xpress-civil-lines,₹150 for two people (approx.),25.4523353577,81.8368453979
https://www.zomato.com/allahabad/tadka-restaurant-katra,₹350 for two people (approx.),25.4685546773,81.8523210660
https://www.zomato.com/allahabad/yame-food-court-ashok-nagar,"Veg Momos, Dahipuri",25.4674120002,81.8225760385
https://www.zomato.com/allahabad/khana-khazana-restaurant-cafe-civil-lines,"Pizza, Noodle",25.4555702209,81.8336334229
https://www.zomato.com/allahabad/desi-twist-cafe-1-naini,₹250 for two people (approx.),25.3982890862,81.8230313435
https://www.zomato.com/allahabad/hungry-birds-civil-lines,₹250 for two people (approx.),25.4240720000,81.9281390000
https://www.zomato.com/allahabad/shanti-sweets-rambagh,₹250 for two people (approx.),25.4383631710,81.8467219546
https://www.zomato.com/allahabad/cream-bell-scoopers-kareli,₹300 for two people (approx.),25.4304996644,81.8298072740
https://www.zomato.com/allahabad/al-baik-2-civil-lines,₹300 for two people (approx.),25.4563660000,81.8308400000
https://www.zomato.com/allahabad/bhagwan-das-prahlad-das-kareli,₹250 for two people (approx.),25.4303915682,81.8300335854
https://www.zomato.com/allahabad/pandit-ji-chat-vaat-dhoomanganj,₹100 for two people (approx.),25.4488690000,81.7559090000
https://www.zomato.com/allahabad/pahalwan-juice-stuff-1-kareli,₹200 for two people (approx.),25.4259548187,81.8155899048
https://www.zomato.com/allahabad/laxmi-sweets-lukerganj,₹100 for two people (approx.),25.4402750000,81.8102277778
https://www.zomato.com/allahabad/kallu-kachouri-bhandar-2-katra,₹100 for two people (approx.),25.4640293121,81.8523406982
https://www.zomato.com/allahabad/saffron-the-lounge-civil-lines,₹600 for two people (approx.),25.4570520000,81.8393330000
https://www.zomato.com/allahabad/bhagwan-das-pralad-das-sons-meergunj,₹200 for two people (approx.),25.4393353629,81.8364430591
https://www.zomato.com/allahabad/makkhans-restaurant-dhoomanganj,₹450 for two people (approx.),25.4497313602,81.7706635594
https://www.zomato.com/allahabad/allahabad-cafe-civil-lines,₹500 for two people (approx.),25.4468029030,81.8400958925
https://www.zomato.com/allahabad/smog-house-naini,₹500 for two people (approx.) with alcohol,25.3462950000,81.8949150000
https://www.zomato.com/allahabad/hot-pizza-ace-katra,"Burgers, Makhani Paneer Pizza",25.4612000000,81.8655500000
https://www.zomato.com/allahabad/zayka-ek-swaad-chowk,₹150 for two people (approx.),25.4420750789,81.8379628658
https://www.zomato.com/allahabad/the-lupitas-civil-lines,₹250 for two people (approx.),25.4504491000,81.8298686000
https://www.zomato.com/allahabad/fresh-point-george-town,₹250 for two people (approx.),25.4546023775,81.8511405587
https://www.zomato.com/allahabad/happy-and-healthy-food-chowk,₹150 for two people (approx.),25.4323449000,81.8056189000
https://www.zomato.com/allahabad/grand-alpha-naini,₹250 for two people (approx.),25.4046783447,81.8475189209
https://www.zomato.com/allahabad/avion-fast-food-5-civil-lines,₹150 for two people (approx.),25.4578056335,81.8391036987
https://www.zomato.com/allahabad/patio-cafe-civil-lines,Indoor Seating,,
https://www.zomato.com/allahabad/buddys-naini,₹250 for two people (approx.),25.4086940518,81.8456839387
https://www.zomato.com/allahabad/nawab-ki-rasoi-civil-lines,Biryani,25.4593330000,81.8380000000
https://www.zomato.com/allahabad/khansama-civil-lines,"Biryani, Mutton Korma, Mutton Stew, Butter Chicken",25.4498410000,81.8377834000
https://www.zomato.com/allahabad/tasty-bite-fast-food-corner-allapur,₹300 for two people (approx.),,
https://www.zomato.com/allahabad/desi-zaiqa-civil-lines,₹250 for two people (approx.),25.4594892000,81.8372548000
https://www.zomato.com/allahabad/new-divine-restaurant-naini,₹600 for two people (approx.),,
https://www.zomato.com/allahabad/baba-dhaba-civil-lines,₹350 for two people (approx.),25.4583258936,81.8274740875
https://www.zomato.com/allahabad/shiv-mahima-restaurant-leader-road,₹300 for two people (approx.),25.4438943564,81.8271709979
https://www.zomato.com/allahabad/new-prayag-juice-corner-rajrooppur,₹200 for two people (approx.),25.4369716644,81.7878036499
https://www.zomato.com/allahabad/vilayat-cafe-lounge-restro-katra,₹850 for two people (approx.),25.4291700500,81.8232842800
https://www.zomato.com/allahabad/grill-inn-naini,₹400 for two people (approx.),25.4096538000,81.8447281000
https://www.zomato.com/allahabad/charcoal-1-katra,₹350 for two people (approx.),25.4631110000,81.8493610000
https://www.zomato.com/allahabad/kanha-sweets-restaurant-katra,₹400 for two people (approx.),25.4647536000,81.8522768000
https://www.zomato.com/allahabad/banarasi-misthan-bhandar-civil-lines,₹500 for two people (approx.),25.4495960345,81.8413635716
https://www.zomato.com/allahabad/red-chilli-1-george-town,₹200 for two people (approx.),25.4815712000,81.8751144000
https://www.zomato.com/allahabad/dynasty-restaurant-ashok-nagar,"₹1,000 for two people (approx.)",25.4650990000,81.8236710000
https://www.zomato.com/allahabad/the-tamarind-tree-civil-lines,"Cheese Dosa, Filtered Coffee, Masala Dosa, Jal-jeera",25.4597453403,81.8349437043
https://www.zomato.com/allahabad/the-rice-bowl-kitchen-leader-road,₹200 for two people (approx.),25.4439237238,81.8256354332
https://www.zomato.com/allahabad/sagar-ratna-tagore-town,"Kadhai Paneer, Mysore Masala Dosa, Coffee, Fried Rice, Pasta, Noodle, Onion Dosa",25.4572654601,81.8600317463
https://www.zomato.com/allahabad/mantosh-kachori-bhandar-katra,₹100 for two people (approx.),25.4623423183,81.8507620320
https://www.zomato.com/allahabad/up-70-restaurant-george-town,₹450 for two people (approx.),25.4481643583,81.8533335999
https://www.zomato.com/allahabad/nine-eleven-cafe-civil-lines,Breakfast,25.4563094575,81.8342922628
https://www.zomato.com/allahabad/kitchen-1-o-1-tagore-town,₹200 for two people (approx.),25.4586100000,81.8655060000
https://www.zomato.com/allahabad/food-plaza-katra,₹150 for two people (approx.),25.4686303509,81.8549851701
https://www.zomato.com/allahabad/urban-spicy-restaurant-naini,₹200 for two people (approx.),25.4135371000,81.8448276000
https://www.zomato.com/allahabad/chatkara-civil-lines,₹150 for two people (approx.),25.4576080000,81.8410330000
https://www.zomato.com/allahabad/bridges-civil-lines,₹400 for two people (approx.),25.4539185095,81.8349463865
https://www.zomato.com/allahabad/penthaus-1-naini,₹700 for two people (approx.),,
https://www.zomato.com/allahabad/chinese-fast-food-corner-katra,₹400 for two people (approx.),25.4586204400,81.8540246040
https://www.zomato.com/allahabad/new-al-baike-kareli,₹150 for two people (approx.),25.4252781000,81.8206805000
https://www.zomato.com/allahabad/bite-n-feast-2-civil-lines,₹250 for two people (approx.),25.4513860000,81.8243950000
https://www.zomato.com/allahabad/sunil-chat-corner-colonel-ganj,₹100 for two people (approx.),25.4608184660,81.8594292551
https://www.zomato.com/allahabad/sophiya-laurance-betal-shop-civil-lines,₹100 for two people (approx.),25.4511164000,81.8307182000
https://www.zomato.com/allahabad/swastik-sweets-and-namkeen-naini,₹150 for two people (approx.),25.4071021000,81.8390386000
https://www.zomato.com/allahabad/barcode-3-civil-lines,Pizza,25.4548379009,81.8350392580
https://www.zomato.com/allahabad/mahesh-restauarant-katra,₹300 for two people (approx.),25.4645680000,81.8515676000
https://www.zomato.com/allahabad/zafar-ki-rasoi-katra,₹300 for two people (approx.),25.4684133189,81.8542073295
https://www.zomato.com/allahabad/route-o-bakers-civil-lines,₹300 for two people (approx.),25.4506495726,81.8297549710
https://www.zomato.com/allahabad/punjabi-dhaba-civil-lines,₹500 for two people (approx.),25.4303110000,81.7674820000
https://www.zomato.com/allahabad/rozana-1-civil-lines,₹300 for two people (approx.),25.4569448761,81.8320415542
https://www.zomato.com/allahabad/paradise-paneer-kendra-colonel-ganj,₹350 for two people (approx.),25.4600486755,81.8570251465
https://www.zomato.com/allahabad/aharam-foods-private-limited-civil-lines,₹150 for two people (approx.),25.4758453369,81.8462677002
https://www.zomato.com/allahabad/dadi-zaika-paratha-house-rambagh,₹200 for two people (approx.),25.4297940000,81.8502960000
https://www.zomato.com/allahabad/bawarchi-kawab-paratha-civil-lines,₹250 for two people (approx.),25.4545940000,81.8449330000
https://www.zomato.com/allahabad/rajwada-restaurant-civil-lines,₹150 for two people (approx.),25.4502000000,81.8342740000
https://www.zomato.com/allahabad/shri-sai-fruit-ice-cream-dhoomanganj,₹100 for two people (approx.),25.4507010383,81.7799818888
https://www.zomato.com/allahabad/the-moghal-civil-lines,₹300 for two people (approx.),25.4536148696,81.8348464742
https://www.zomato.com/allahabad/mfc-restaurant-champaran-meat-house-civil-lines,₹400 for two people (approx.),25.4491300000,81.8281000000
https://www.zomato.com/allahabad/checkers-pizza-shawarma-kareli,"Pizza, Shawarma",25.4258380000,81.8177570000
https://www.zomato.com/allahabad/stark-house-cafe-civil-lines,"Burgers, Pizza, White Sauce Pasta",25.4522446965,81.8329635635
https://www.zomato.com/allahabad/best-bakery-lukerganj,₹150 for two people (approx.),25.4447384501,81.8133220310
https://www.zomato.com/allahabad/munna-sweet-house-allapur,₹400 for two people (approx.),25.4521983780,81.8730756640
https://www.zomato.com/allahabad/new-south-indian-cafe-civil-lines,₹250 for two people (approx.),25.4507346424,81.8295709044
https://www.zomato.com/allahabad/biryaani-tiffin-services-teliarganj,₹150 for two people (approx.),,
https://www.zomato.com/allahabad/rasoi-da-sawad-katra,₹200 for two people (approx.),25.4652836500,81.8532362900
https://www.zomato.com/allahabad/desi-tadka-family-restaurant-bairahana,₹200 for two people (approx.),,
https://www.zomato.com/allahabad/little-italy-civil-lines,₹200 for two people (approx.),25.4505127343,81.8313559145
https://www.zomato.com/allahabad/gourmet-pizza-dhoomanganj,₹250 for two people (approx.),25.4441757202,81.7972335815
https://www.zomato.com/allahabad/barbie-bites-1-teliarganj,₹850 for two people (approx.),25.4968930000,81.8615720000
https://www.zomato.com/allahabad/hotel-tara-restaurant-rambagh,₹200 for two people (approx.),25.4388975596,81.8490454182
https://www.zomato.com/allahabad/the-7-shots-civil-lines,₹350 for two people (approx.),25.4522322844,81.8347499147
https://www.zomato.com/allahabad/scoops-n-smiles-naini,₹500 for two people (approx.),25.4097534223,81.8448122218
https://www.zomato.com/allahabad/forex-restaurant-kareli,₹300 for two people (approx.),25.4304904938,81.8205108643
https://www.zomato.com/allahabad/cafe-beyond-the-legend-hotel-civil-lines,₹500 for two people (approx.),25.4603840707,81.8333548307
https://www.zomato.com/allahabad/jaiswal-restaurant-rambagh,₹200 for two people (approx.),25.4387425417,81.8491915986
https://www.zomato.com/allahabad/cafe-el-chico-civil-lines,"Pasta, Pizza, Coffee, Garlic Bread, Paan Mojito, Chicken Soup, Hot Chocolate Fudge",25.4507253000,81.8336951000
https://www.zomato.com/allahabad/jai-maa-sharda-nashta-corner-naini,₹50 for two people (approx.),25.4075527191,81.8395156860
https://www.zomato.com/allahabad/b-k-ka-special-bati-chokha-civil-lines,₹50 for two people (approx.),25.4601428066,81.8378056213
https://www.zomato.com/allahabad/veggie-galaxy-civil-lines,₹600 for two people (approx.),25.4492015608,81.8397468701
https://www.zomato.com/allahabad/new-sizzler-point-1-civil-lines,₹450 for two people (approx.),25.4515650534,81.8240784109
https://www.zomato.com/allahabad/free-time-civil-lines,₹100 for two people (approx.),25.4541790000,81.8349690000
https://www.zomato.com/allahabad/eat-meet-civil-lines,₹350 for two people (approx.),25.4597510919,81.8386206776
https://www.zomato.com/allahabad/shaam-restaurant-lounge-naini,₹400 for two people (approx.),25.4146507000,81.8561507000
https://www.zomato.com/allahabad/handi-george-town,₹300 for two people (approx.),25.4511737823,81.8571472168
https://www.zomato.com/allahabad/mumma-ki-rasoi-kareli,₹250 for two people (approx.),25.4258233000,81.8177333000
https://www.zomato.com/allahabad/mauryaji-paratha-point-allapur,₹100 for two people (approx.),25.4515950000,81.8747920000
https://www.zomato.com/allahabad/aahar-restaurant-katra,₹400 for two people (approx.),25.4763774872,81.8493347168
https://www.zomato.com/allahabad/dosa-plaza-civil-lines,"Filtered Coffee, Chinese Bhel",25.4530181833,81.8327841908
https://www.zomato.com/allahabad/raju-chicken-shop-civil-lines,₹600 for two people (approx.),25.4562504260,81.8307396770
https://www.zomato.com/allahabad/sarim-bakers-kareli,Pizza,25.4257564545,81.8342971802
https://www.zomato.com/allahabad/r-c-spice-naini,₹300 for two people (approx.),25.3902378082,81.8635635376
https://www.zomato.com/allahabad/silk-restaurant-bairahana,₹550 for two people (approx.),,
https://www.zomato.com/allahabad/tandoor-hotel-leader-road,₹500 for two people (approx.),25.4439385589,81.8263837695
https://www.zomato.com/allahabad/bhukkad-sweets-and-namkeen-chowk,₹150 for two people (approx.),25.4428807234,81.8365821987
https://www.zomato.com/allahabad/food-plaza-kareli,₹100 for two people (approx.),25.4240760803,81.8182220459
https://www.zomato.com/allahabad/u-s-pizza-colonel-ganj,₹500 for two people (approx.),,
https://www.zomato.com/allahabad/pubg-chicken-rajrooppur,₹150 for two people (approx.),25.4352896000,81.7879506000
https://www.zomato.com/allahabad/daana-pani-restaurant-dhoomanganj,"Biryani, Deluxe Thali, Veg Thali, Mixed Vegetables",25.4489380000,81.7640760000
https://www.zomato.com/allahabad/pauls-hospitality-katra,₹200 for two people (approx.),25.4651226784,81.8498940021
https://www.zomato.com/allahabad/desi-hut-naini,₹400 for two people (approx.),25.4080360000,81.8439030000
https://www.zomato.com/allahabad/nawab-restaurant-naini,₹500 for two people (approx.),25.4106882928,81.8441078067
https://www.zomato.com/allahabad/khansama-non-veg-civil-lines,₹200 for two people (approx.),25.4497610289,81.8378106505
https://www.zomato.com/allahabad/jai-shree-shankar-punjabi-dhaba-civil-lines,Indoor Seating,25.4495578890,81.8359807134
https://www.zomato.com/allahabad/south-mouth-civil-lines,₹500 for two people (approx.),25.4541888482,81.8349145353
https://www.zomato.com/allahabad/food-palace-chowk,₹200 for two people (approx.),25.4414692000,81.8344202000
https://www.zomato.com/allahabad/china-town-veg-and-nonveg-point-dhoomanganj,₹250 for two people (approx.),25.4508108026,81.7791817306
https://www.zomato.com/allahabad/chandralok-kachouri-allapur,₹250 for two people (approx.),25.4375686000,81.8419496000
https://www.zomato.com/allahabad/ananya-bhojnalaya-civil-lines,₹300 for two people (approx.),25.4496865544,81.8383192644
https://www.zomato.com/allahabad/malt-ashok-nagar,"Waffles, Brownie Milkshake, Hot Chocolate, Kit Kat Shake, Brownie Waffle, Belgian Chocolate Waffle",25.4677207511,81.8226799741
https://www.zomato.com/allahabad/flavours-india-kareli,₹200 for two people (approx.),25.4323449000,81.8056189000
https://www.zomato.com/allahabad/m-eat-civil-lines,₹250 for two people (approx.),,
https://www.zomato.com/allahabad/the-maharaja-fast-food-chicken-roll-corner-katra,₹200 for two people (approx.),25.4612000000,81.8655500000
https://www.zomato.com/allahabad/rockk-onn-dine-lounge-rajrooppur,Kadhai Paneer,25.4304849430,81.7669736879
https://www.zomato.com/allahabad/basus-kitchen-sea-foods-civil-lines,₹200 for two people (approx.),25.4553930000,81.8357800000
https://www.zomato.com/allahabad/kolkata-roll-corner-kareli,₹200 for two people (approx.),25.4257600000,81.8171220000
https://www.zomato.com/allahabad/ajay-restaurant-tagore-town,₹150 for two people (approx.),25.4571074386,81.8597330153
https://www.zomato.com/allahabad/jade-garden-civil-lines,Butter Chicken,25.4506344357,81.8294736743
https://www.zomato.com/allahabad/govinds-vegetarian-restaurant-civil-lines,₹700 for two people (approx.),25.4505859973,81.8339375407
https://www.zomato.com/allahabad/the-telugu-corner-naini,₹100 for two people (approx.),25.4097213745,81.8448257446
https://www.zomato.com/allahabad/vidyarthi-bhojnalaya-pure-veg-colonel-ganj,₹100 for two people (approx.),25.4603260000,81.8560810000
https://www.zomato.com/allahabad/kareli-wife-restaurant-kareli,₹200 for two people (approx.),25.4297504425,81.8221206665
https://www.zomato.com/allahabad/poonam-sweets-bairahana,₹250 for two people (approx.),25.4386100000,81.8573690000
https://www.zomato.com/allahabad/amber-family-restaurant-leader-road,₹500 for two people (approx.),25.4439237238,81.8256354332
https://www.zomato.com/allahabad/m-f-chicken-point-rambagh,₹200 for two people (approx.),25.4372356488,81.8452936783
https://www.zomato.com/allahabad/raju-sweets-meergunj,₹100 for two people (approx.),,
https://www.zomato.com/allahabad/fusion-bar-restaurant-civil-lines,"₹1,600 for two people (approx.) with alcohol",,
https://www.zomato.com/allahabad/foodies-point-allapur,₹500 for two people (approx.),25.4480217650,81.8668140471
https://www.zomato.com/allahabad/vlm-grand-placid-tagore-town,₹450 for two people (approx.),25.4551601410,81.8625793457
https://www.zomato.com/allahabad/baba-dhaba-restaurant-naini,₹600 for two people (approx.),25.3557750000,81.8344580000
https://www.zomato.com/allahabad/pizza-fire-in-dhoomanganj,₹300 for two people (approx.),25.4535534150,81.7816445231
https://www.zomato.com/allahabad/desi-dhaba-dhoomanganj,₹200 for two people (approx.),25.4493790000,81.7661130000
https://www.zomato.com/allahabad/chhappan-bhog-katra,"Chaat, Kadai Paneer, Panneer Butter Masala",25.4647321908,81.8487413228
https://www.zomato.com/allahabad/kesarwani-chat-bhandar-and-fast-food-george-town,₹100 for two people (approx.),25.4474413993,81.8516642600
https://www.zomato.com/allahabad/golden-curry-restaurant-leader-road,₹400 for two people (approx.),25.4426103000,81.8268062000
https://www.zomato.com/allahabad/abdullah-restaurant-kareli,₹400 for two people (approx.),25.4546764000,81.8430122000
https://www.zomato.com/allahabad/new-bhagwan-das-pralad-das-mishthan-bhandar-meergunj,₹300 for two people (approx.),25.4391994200,81.8360977247
https://www.zomato.com/allahabad/rishiraj-the-food-plaza-teliarganj,₹200 for two people (approx.),25.4686940000,81.8648240000
https://www.zomato.com/allahabad/new-novelty-restaurant-chowk,₹500 for two people (approx.),25.4437154272,81.8370686844
https://www.zomato.com/allahabad/cafe-ballon-dor-naini,₹500 for two people (approx.),25.4096498502,81.8450073525
https://www.zomato.com/allahabad/milan-da-dhaba-leader-road,₹300 for two people (approx.),25.4469082596,81.8268575147
https://www.zomato.com/allahabad/well-bean-cafe-civil-lines,"Sandwich, Waffles, Pancakes, Maggi, Fried Cheese, Burgers, Fries",25.4558029970,81.8340857327
https://www.zomato.com/allahabad/new-jaiswal-bhojnalya-dhoomanganj,₹250 for two people (approx.),,
https://www.zomato.com/allahabad/hungers-town-naini,₹200 for two people (approx.),25.3840855700,81.8751105700
https://www.zomato.com/allahabad/keshari-chaat-house-allapur,₹100 for two people (approx.),25.4561551000,81.8675196000
https://www.zomato.com/allahabad/black-forest-hotel-yugantar-banquest-civil-lines,₹800 for two people (approx.),25.4576610000,81.8388230000
https://www.zomato.com/allahabad/anshika-sweets-dhoomanganj,₹200 for two people (approx.),25.4543051000,81.7798135000
https://www.zomato.com/allahabad/grace-family-restaurant-teliarganj,₹200 for two people (approx.),25.4968890000,81.8672780000
https://www.zomato.com/allahabad/kohinoor-restaurant-civil-lines,₹800 for two people (approx.),25.4510873332,81.8302189931
https://www.zomato.com/allahabad/courtyard-multi-cuisine-open-air-restaurant-dhoomanganj,₹500 for two people (approx.),25.4311142000,81.7648964000
https://www.zomato.com/allahabad/the-pantry-car-express-lukerganj,₹200 for two people (approx.),25.4412389000,81.8103119000
https://www.zomato.com/allahabad/bfc-restaurant-naini,₹200 for two people (approx.),25.4107645000,81.8413214000
https://www.zomato.com/allahabad/om-shanti-sweets-tagore-town,₹400 for two people (approx.),25.4548799802,81.8607482314
https://www.zomato.com/allahabad/party-fowl-katra,₹150 for two people (approx.),25.4690130000,81.8598860000
https://www.zomato.com/allahabad/puneet-bar-restaurant-meergunj,"₹1,000 for two people (approx.) with alcohol",25.4407050773,81.8407775089
https://www.zomato.com/allahabad/lucknows-tunday-kababi-katra,₹300 for two people (approx.),,
https://www.zomato.com/allahabad/goli-vada-pav-no-1-civil-lines,₹200 for two people (approx.),25.4550846248,81.8413059041
https://www.zomato.com/allahabad/pawan-namkeen-bakers-chowk,₹100 for two people (approx.),25.4366546255,81.8405555561
https://www.zomato.com/allahabad/maaz-fruit-juice-corner-kareli,₹100 for two people (approx.),25.4258380000,81.8177570000
https://www.zomato.com/allahabad/amrit-sweet-house-allapur,₹350 for two people (approx.),25.4544216478,81.8718012795
https://www.zomato.com/allahabad/rajwadas-colonel-ganj,"Deluxe Thali, Kadhai Paneer",25.4608184660,81.8594292551
https://www.zomato.com/allahabad/pizza-slice-rajrooppur,₹250 for two people (approx.),25.4304780000,81.7670280000
https://www.zomato.com/allahabad/kolkata-food-naini,₹200 for two people (approx.),25.3829001000,81.8729868000
https://www.zomato.com/allahabad/aakansha-hotel-teliarganj,₹200 for two people (approx.),,
https://www.zomato.com/allahabad/kailash-parbat-civil-lines,"Corn Basket, Chaat, Paneer Tikka, Sev Puri, Ragda Patty",25.4519153199,81.8349494040
https://www.zomato.com/allahabad/royal-bar-and-restaurant-civil-lines,"₹1,000 for two people (approx.) Without alcohol",25.4525495508,81.8513092026
https://www.zomato.com/allahabad/shri-ram-dhaba-naini,₹150 for two people (approx.),25.3664361762,81.8793573976
https://www.zomato.com/allahabad/fantasy-foodies-civil-lines,₹200 for two people (approx.),25.4570261000,81.8350601000
https://www.zomato.com/allahabad/mela-civil-lines,₹500 for two people (approx.),25.4514027862,81.8347331509
https://www.zomato.com/allahabad/kfc-civil-lines,"Burgers, Chicken Wings, Rice Bowl, Boneless Strips, Hot Wings, Chicken Burger, Chicken Grill",25.4495348806,81.8396013603
https://www.zomato.com/allahabad/mexican-pizzeria-naini,₹300 for two people (approx.),25.4118899556,81.8434630707
https://www.zomato.com/allahabad/crossroad-restaurant-cafe-civil-lines,₹400 for two people (approx.),25.4595176972,81.8374948204
https://www.zomato.com/allahabad/balaji-fast-food-center-naini,₹150 for two people (approx.),25.3954517568,81.8734082580
https://www.zomato.com/allahabad/char-minar-biryani-civil-lines,₹150 for two people (approx.),25.4523050000,81.8347400000
https://www.zomato.com/allahabad/mini-meals-on-wheels-civil-lines,₹300 for two people (approx.),25.4519727000,81.8329027000
https://www.zomato.com/allahabad/raymoti-restaurant-teliarganj,₹200 for two people (approx.),25.4986940000,81.8628330000
https://www.zomato.com/allahabad/cafe-eighteen-days-civil-lines,"₹1,000 for two people (approx.) Without alcohol",25.4553658591,81.8383537978
https://www.zomato.com/allahabad/madras-hotel-allapur,₹100 for two people (approx.),25.4534053789,81.8723202869
https://www.zomato.com/allahabad/hunger-delight-katra,₹200 for two people (approx.),25.4626522000,81.8557176000
https://www.zomato.com/allahabad/haldi-restaurant-the-taste-of-indian-culture-civil-lines,₹300 for two people (approx.),25.4590630000,81.8378750000
https://www.zomato.com/allahabad/baa-foods-katra,₹300 for two people (approx.),25.4751660563,81.8583738565
https://www.zomato.com/allahabad/get-together-katra,₹200 for two people (approx.),25.4757019894,81.8559390306
https://www.zomato.com/allahabad/angels-kitchen-civil-lines,₹200 for two people (approx.),25.4816646576,81.8483657837
https://www.zomato.com/allahabad/dosa-point-naini,₹150 for two people (approx.),25.3998916700,81.8672805000
https://www.zomato.com/allahabad/pizza-slice-teliarganj,₹250 for two people (approx.),25.5292151000,81.8534878000
https://www.zomato.com/allahabad/biryani-box-teliarganj,₹100 for two people (approx.),25.4950288000,81.8611941000
https://www.zomato.com/allahabad/hong-kong-express-allapur,₹250 for two people (approx.),25.4607373000,81.8634460000
https://www.zomato.com/allahabad/bevy-kitchen-kareli,₹200 for two people (approx.),25.4240818024,81.8269577026
https://www.zomato.com/allahabad/food-king-chowk,₹150 for two people (approx.),25.4374987584,81.8443827331
https://www.zomato.com/allahabad/kathi-junction-1-dhoomanganj,₹150 for two people (approx.),25.4508430000,81.7769363000
https://www.zomato.com/allahabad/potli-katra,₹500 for two people (approx.),25.4612000000,81.8655500000
https://www.zomato.com/allahabad/lee-stanza-spicy-hub-civil-lines,₹150 for two people (approx.),25.4498822000,81.8371308000
https://www.zomato.com/allahabad/madina-hotel-kareli,₹250 for two people (approx.),25.4310290000,81.8264130000
https://www.zomato.com/allahabad/a-j-the-juice-bar-civil-lines,₹250 for two people (approx.),25.4510279964,81.8333179504
https://www.zomato.com/allahabad/nirala-misthan-bhandar-chowk,₹180 for two people (approx.),25.4368239846,81.8342500687
https://www.zomato.com/allahabad/ritz-naini,₹300 for two people (approx.),25.4034241000,81.8601588000
https://www.zomato.com/allahabad/el-chico-restaurant-civil-lines,"Salad, Biryani, Pasta, Sandwich, Butter Chicken, Noodle, Dinner Rolls",25.4505387699,81.8336277455
https://www.zomato.com/allahabad/yolo-china-katra,"Honey Chilli Potatoes, Burgers",25.4709398861,81.8520776555
https://www.zomato.com/allahabad/fusion-hunt-allapur,₹200 for two people (approx.),25.4560450000,81.8728870000
https://www.zomato.com/allahabad/hari-vrindavan-ashok-nagar,₹300 for two people (approx.),25.4674470000,81.8242780000
https://www.zomato.com/allahabad/jaiswal-bhojnalaya-dhoomanganj,₹150 for two people (approx.),25.4494060000,81.7655030000
https://www.zomato.com/allahabad/welcome-restaurant-civil-lines,₹250 for two people (approx.),25.4546820000,81.8307980000
https://www.zomato.com/allahabad/wake-up-amul-ice-cream-parlour-and-snack-point-rajrooppur,₹300 for two people (approx.),25.4311142000,81.7648964000
https://www.zomato.com/allahabad/black-white-cafe-restaurant-civil-lines,₹300 for two people (approx.),25.4496522000,81.8295176000
https://www.zomato.com/allahabad/king-classic-restaurant-civil-lines,₹600 for two people (approx.),25.4523933396,81.8327855319
https://www.zomato.com/allahabad/naini-coffee-house-restaurant-naini,₹200 for two people (approx.),25.3893661499,81.8638458252
https://www.zomato.com/allahabad/om-and-harsh-restaurant-dhoomanganj,₹200 for two people (approx.),25.4383637000,81.7962875000
https://www.zomato.com/allahabad/burger-blacks-civil-lines,₹250 for two people (approx.),25.4577190000,81.8335000000
https://www.zomato.com/allahabad/glassy-junction-hotel-milan-palace-civil-lines,"₹1,000 for two people (approx.) with alcohol",25.4512020710,81.8324261159
https://www.zomato.com/allahabad/krishna-sweets-and-bakers-rajrooppur,₹200 for two people (approx.),25.4383976868,81.7959430441
https://www.zomato.com/allahabad/chaat-chatore-katra,Chaat,25.4750480000,81.8582670000
https://www.zomato.com/allahabad/shamianas-civil-lines,"Chole Bhature, Thali",25.4502841655,81.8329588696
https://www.zomato.com/allahabad/modern-sweet-house-meergunj,₹200 for two people (approx.),25.4406239364,81.8411456421
https://www.zomato.com/allahabad/shree-krishna-dhaba-rambagh,₹120 for two people (approx.),25.4396790040,81.8469331786
https://www.zomato.com/allahabad/new-raksha-sweets-bairahana,₹300 for two people (approx.),25.4374008179,81.8446044922
https://www.zomato.com/allahabad/dehati-rasgulla-bairahana,Rasgulla,25.4417038933,81.8593082204
https://www.zomato.com/allahabad/albaik-chicken-dhoomanganj,₹250 for two people (approx.),25.4531371575,81.7819489539
https://www.zomato.com/allahabad/lucky-sweet-house-naini,₹250 for two people (approx.),25.4072017670,81.8393859863
https://www.zomato.com/allahabad/aman-bhojanalaya-teliarganj,₹150 for two people (approx.),,
https://www.zomato.com/allahabad/the-indian-food-plaza-naini,₹250 for two people (approx.),25.3921456000,81.8637603000
https://www.zomato.com/allahabad/ghar-aangan-pure-veg-family-restaurant-rambagh,₹250 for two people (approx.),25.4380054474,81.8510971069
https://www.zomato.com/allahabad/chanda-katra,₹200 for two people (approx.),,
https://www.zomato.com/allahabad/chawla-meals-kareli,₹300 for two people (approx.),25.4336895000,81.8277947000
https://www.zomato.com/allahabad/best-lassi-house-kareli,₹100 for two people (approx.),25.4312446000,81.8261775000
https://www.zomato.com/allahabad/old-school-cafe-civil-lines,"Pizza, Mocktails, Sandwich, Honey Chilli Potatoes, Burgers, Mixed Sauce Pasta, Chilli Chicken",25.4546577770,81.8336213753
https://www.zomato.com/allahabad/aryan-restaurant-coffee-house-naini,₹350 for two people (approx.),25.4080069183,81.8463712558
https://www.zomato.com/allahabad/raw-palette-civil-lines,₹450 for two people (approx.),25.4524877929,81.8394005299
https://www.zomato.com/allahabad/pizza-collection-cafe-naini,₹300 for two people (approx.),25.4103680000,81.8420950000
https://www.zomato.com/allahabad/mughlai-food-katra,₹200 for two people (approx.),25.4714568210,81.8525769443
https://www.zomato.com/allahabad/spicy-lounge-civil-lines,₹400 for two people (approx.),25.4591665447,81.8368269503
https://www.zomato.com/allahabad/alibi-bar-by-hotel-allahabad-regency-civil-lines,"₹1,200 for two people (approx.) with alcohol",25.4552230000,81.8160780000
https://www.zomato.com/allahabad/shri-ram-mishthan-bhandar-dhoomanganj,₹200 for two people (approx.),25.4480641495,81.7840119079
https://www.zomato.com/allahabad/utsav-foods-chowk,₹150 for two people (approx.),25.4361084188,81.8447669595
https://www.zomato.com/allahabad/my-yumm-meal-ashok-nagar,₹400 for two people (approx.),25.4679424000,81.8292098000
https://www.zomato.com/allahabad/prayagraj-galiya-restaurant-rambagh,Indoor Seating,,
https://www.zomato.com/allahabad/kolkata-roll-corner-civil-lines,₹150 for two people (approx.),25.4504410000,81.8333779000
https://www.zomato.com/allahabad/the-shawarma-souq-rajapur,₹200 for two people (approx.),25.4669928000,81.8251587000
https://www.zomato.com/allahabad/nidhi-restaurant-1-bairahana,₹600 for two people (approx.),25.4418350000,81.8607220000
https://www.zomato.com/allahabad/lazeez-biryani-chowk,₹200 for two people (approx.),25.4388570000,81.8317560000
https://www.zomato.com/allahabad/kalika-hotel-katra,₹400 for two people (approx.),25.4705321640,81.8559950218
https://www.zomato.com/allahabad/abc-corner-dhoomanganj,₹100 for two people (approx.),25.4492321000,81.7791519000
https://www.zomato.com/allahabad/raja-ram-lassi-wale-meergunj,₹100 for two people (approx.),25.4368220598,81.8342074379
https://www.zomato.com/allahabad/maharani-zaika-1-george-town,Pav Bhaji,25.4463608884,81.8517769128
https://www.zomato.com/allahabad/new-munna-sweet-house-allapur,₹300 for two people (approx.),25.4578179281,81.8680699915
https://www.zomato.com/allahabad/mezbaan-family-restaurant-naini,₹350 for two people (approx.),25.4070699071,81.8674574420
https://www.zomato.com/allahabad/rasgulla-junction-civil-lines,₹150 for two people (approx.),25.4578461000,81.8313266000
https://www.zomato.com/allahabad/shree-jagdish-bhojanalya-bairahana,₹300 for two people (approx.),25.4389620000,81.8585320000
https://www.zomato.com/allahabad/nehas-breakfast-civil-lines,₹100 for two people (approx.),25.4600189958,81.8376393244
https://www.zomato.com/allahabad/mahima-restaurant-leader-road,₹500 for two people (approx.),25.4429654959,81.8263629824
https://www.zomato.com/allahabad/paradise-confectioner-tagore-town,"Rolls, Sandwich, Burgers",25.4572808989,81.8600495160
https://www.zomato.com/allahabad/nazeer-foods-civil-lines,₹600 for two people (approx.),25.4522606000,81.8306524000
https://www.zomato.com/allahabad/k-gazebo-civil-lines,₹100 for two people (approx.),25.4526424408,81.8349990845
https://www.zomato.com/allahabad/khana-khazana-restaurant-hotel-grand-continental-civil-lines,"₹1,250 for two people (approx.)",25.4548905757,81.8355324492
https://www.zomato.com/allahabad/food-of-heaven-dhoomanganj,₹300 for two people (approx.),25.4306411743,81.7892303467
https://www.zomato.com/allahabad/raahi-restaurant-2-civil-lines,₹300 for two people (approx.),25.4262180000,81.9791630000
https://www.zomato.com/allahabad/indish-civil-lines,Burgers,25.4546462733,81.8411774933
https://www.zomato.com/allahabad/aharam-allapur,₹300 for two people (approx.),25.4522075653,81.8658447266
https://www.zomato.com/allahabad/gunjan-dhaba-naini,₹250 for two people (approx.),25.3898823867,81.8418951181
https://www.zomato.com/allahabad/shivam-bhojnalay-allapur,₹150 for two people (approx.),25.4564132690,81.8697891235
https://www.zomato.com/allahabad/maharaja-restaurant-1-katra,₹300 for two people (approx.),25.4657777000,81.8507124000
https://www.zomato.com/allahabad/al-noor-restaurant-leader-road,₹200 for two people (approx.),25.4431824000,81.8255051000
https://www.zomato.com/allahabad/mamta-bakery-dhoomanganj,₹250 for two people (approx.),25.4536597798,81.7822337828
https://www.zomato.com/allahabad/the-oval-hotel-milan-palace-civil-lines,"₹1,000 for two people (approx.)",25.4512590000,81.8325690000
https://www.zomato.com/allahabad/wood-restaurant-civil-lines,₹500 for two people (approx.),25.4576610000,81.8388230000
https://www.zomato.com/allahabad/bhole-chature-katra,₹200 for two people (approx.),25.4612000000,81.8655500000
https://www.zomato.com/allahabad/new-khana-khazana-restaurant-rambagh,₹500 for two people (approx.),25.4375915527,81.8446731567
https://www.zomato.com/allahabad/the-half-girlfriend-restro-naini,₹200 for two people (approx.),25.4000150000,81.8673260000
https://www.zomato.com/allahabad/kunj-paneer-kendra-the-cake-palace-katra,₹100 for two people (approx.),25.4687560000,81.8646090000
https://www.zomato.com/allahabad/dominos-pizza-1-civil-lines,Pizza,25.4546100000,81.8355100000
https://www.zomato.com/allahabad/golgappe-wala-civil-lines,₹100 for two people (approx.),25.4509730000,81.8326120000
https://www.zomato.com/allahabad/gola-sizzlers-civil-lines,Noodle,25.4523933396,81.8327855319
https://www.zomato.com/allahabad/delight-muffins-dhoomanganj,₹150 for two people (approx.),25.4466191000,81.7781667000
https://www.zomato.com/allahabad/raju-kitchen-restaurant-civil-lines,Chicken Biryani,25.4562404361,81.8309160322
https://www.zomato.com/allahabad/s-r-a-food-city-dhoomanganj,₹150 for two people (approx.),25.4478183000,81.7846468000
https://www.zomato.com/allahabad/yadav-hotel-katra,₹200 for two people (approx.),25.4662742615,81.8503570557
https://www.zomato.com/allahabad/feel-n-alive-civil-lines,₹200 for two people (approx.),25.4512000000,81.8334350000
