cities,link
Abohar,https://www.zomato.com/abohar
Achalpur,https://www.zomato.com/achalpur
Adilabad,https://www.zomato.com/adilabad
Adoni,https://www.zomato.com/adoni
Agartala,https://www.zomato.com/agartala
Agra,https://www.zomato.com/agra
Ahmedabad,https://www.zomato.com/ahmedabad
Ahmednagar,https://www.zomato.com/ahmednagar
Aizawl,https://www.zomato.com/aizawl
Ajmer,https://www.zomato.com/ajmer
Akola,https://www.zomato.com/akola
Akot,https://www.zomato.com/akot
Alappuzha,https://www.zomato.com/alappuzha
Aligarh,https://www.zomato.com/aligarh
Allahabad,https://www.zomato.com/allahabad
Alwar,https://www.zomato.com/alwar
Amalner,https://www.zomato.com/amalner
Ambala,https://www.zomato.com/ambala
Ambikapur,https://www.zomato.com/ambikapur
Ambur,https://www.zomato.com/ambur
Amravati,https://www.zomato.com/amravati
Amreli,https://www.zomato.com/amreli
Amritsar,https://www.zomato.com/amritsar
Amroha,https://www.zomato.com/amroha
Anakapalle,https://www.zomato.com/anakapalle
Anand,https://www.zomato.com/anand
Anantapur,https://www.zomato.com/anantapur
Angul,https://www.zomato.com/angul
Ankleshwar,https://www.zomato.com/ankleshwar
Arrah,https://www.zomato.com/arrah
Asansol,https://www.zomato.com/asansol
Ashoknagar ,https://www.zomato.com/ashoknagar
Attingal,https://www.zomato.com/attingal
Aurangabad,https://www.zomato.com/aurangabad
Azamgarh,https://www.zomato.com/azamgarh
Baddi,https://www.zomato.com/baddi
Bagalkot,https://www.zomato.com/bagalkot
Bahadurgarh,https://www.zomato.com/bahadurgarh
Bahraich,https://www.zomato.com/bahraich
Balaghat,https://www.zomato.com/balaghat
Balangir,https://www.zomato.com/balangir
Balasore,https://www.zomato.com/balasore
Bankura,https://www.zomato.com/bankura
Banswara,https://www.zomato.com/banswara
Bantwal,https://www.zomato.com/bantwal
Barabanki,https://www.zomato.com/barabanki
Baramati,https://www.zomato.com/baramati
Bardhaman,https://www.zomato.com/bardhaman
Bardoli,https://www.zomato.com/bardoli
Bareilly,https://www.zomato.com/bareilly
Barnala,https://www.zomato.com/barnala
Barshi,https://www.zomato.com/barshi
Barwala,https://www.zomato.com/barwala
Basti,https://www.zomato.com/basti
Batala,https://www.zomato.com/batala
Bathinda,https://www.zomato.com/bathinda
Beawar,https://www.zomato.com/beawar
Beed,https://www.zomato.com/beed
Begusarai,https://www.zomato.com/begusarai
Behror,https://www.zomato.com/behror
Belgaum,https://www.zomato.com/belgaum
Bellary,https://www.zomato.com/bellary
Belthangady,https://www.zomato.com/belthangady
Bengaluru,https://www.zomato.com/bangalore
Berhampur,https://www.zomato.com/berhampur
Bettiah,https://www.zomato.com/bettiah
Betul,https://www.zomato.com/betul
Bhadrachalam,https://www.zomato.com/bhadrachalam
Bhadravati,https://www.zomato.com/bhadravati
Bhagalpur,https://www.zomato.com/bhagalpur
Bhandara,https://www.zomato.com/bhandara
Bharatpur,https://www.zomato.com/bharatpur
Bharuch,https://www.zomato.com/bharuch
Bhatapara,https://www.zomato.com/bhatapara
Bhatkal,https://www.zomato.com/bhatkal
Bhavnagar,https://www.zomato.com/bhavnagar
Bhilwara,https://www.zomato.com/bhilwara
Bhimavaram,https://www.zomato.com/bhimavaram
Bhiwadi,https://www.zomato.com/bhiwadi
Bhiwani,https://www.zomato.com/bhiwani
Bhopal,https://www.zomato.com/bhopal
Bhubaneswar,https://www.zomato.com/bhubaneswar
Bhuj,https://www.zomato.com/bhuj
Bhusawal,https://www.zomato.com/bhusawal
Bidar,https://www.zomato.com/bidar
Bijapur,https://www.zomato.com/bijapur
Bijnor,https://www.zomato.com/bijnor
Bikaner,https://www.zomato.com/bikaner
Bilaspur,https://www.zomato.com/bilaspur
Bilimora,https://www.zomato.com/bilimora
Bina,https://www.zomato.com/bina
BodhanRural,https://www.zomato.com/bodhanrural
Bokaro,https://www.zomato.com/bokaro
Borsad,https://www.zomato.com/borsad
Botad,https://www.zomato.com/botad
Budaun,https://www.zomato.com/budaun
Bulandshahr,https://www.zomato.com/bulandshahr
Buldhana,https://www.zomato.com/buldhana
Bundi,https://www.zomato.com/bundi
Burhanpur,https://www.zomato.com/burhanpur
Chalisgaon,https://www.zomato.com/chalisgaon
Chandigarh,https://www.zomato.com/chandigarh
Chandrapur,https://www.zomato.com/chandrapur
Charkhi Dadri,https://www.zomato.com/charkhi-dadri
Chennai,https://www.zomato.com/chennai
Chhapra,https://www.zomato.com/chhapra
Chhatarpur,https://www.zomato.com/chhatarpur
Chhindwara,https://www.zomato.com/chhindwara
Chikmagalur,https://www.zomato.com/chikmagalur
Chitradurga,https://www.zomato.com/chitradurga
Chitrakoot,https://www.zomato.com/chitrakoot
Chittoor,https://www.zomato.com/chittoor
Chittorgarh,https://www.zomato.com/chittorgarh
Churu,https://www.zomato.com/churu
Coimbatore,https://www.zomato.com/coimbatore
Coonoor,https://www.zomato.com/coonoor
Cuddalore,https://www.zomato.com/cuddalore
Cuttack,https://www.zomato.com/cuttack
Dabra,https://www.zomato.com/dabra
Daltonganj,https://www.zomato.com/daltonganj
Damoh,https://www.zomato.com/damoh
Darbhanga,https://www.zomato.com/darbhanga
Darjeeling,https://www.zomato.com/darjeeling
Datia,https://www.zomato.com/datia
Dausa,https://www.zomato.com/dausa
Davanagere,https://www.zomato.com/davanagere
Deesa,https://www.zomato.com/deesa
Dehradun,https://www.zomato.com/dehradun
Delhi NCR,https://www.zomato.com/ncr
Deoband,https://www.zomato.com/deoband
Deoghar,https://www.zomato.com/deoghar
Dewas,https://www.zomato.com/dewas
Dhamtari,https://www.zomato.com/dhamtari
Dhanbad,https://www.zomato.com/dhanbad
Dhar,https://www.zomato.com/dhar
Dharamshala,https://www.zomato.com/dharamshala
Dharmapuri,https://www.zomato.com/dharmapuri
Dharmavaram,https://www.zomato.com/dharmavaram
Dharuhera,https://www.zomato.com/dharuhera
Dharwad,https://www.zomato.com/dharwad
Dhule,https://www.zomato.com/dhule
Dibrugarh,https://www.zomato.com/dibrugarh
Dindigul,https://www.zomato.com/dindigul
Durg Bhilai,https://www.zomato.com/durg-bhilai
Durgapur,https://www.zomato.com/durgapur
Eluru,https://www.zomato.com/eluru
Erode,https://www.zomato.com/erode
Etawah,https://www.zomato.com/etawah
Faizabad-Ayodhya ,https://www.zomato.com/faizabad-ayodhya
Faridkot,https://www.zomato.com/faridkot
Farrukhabad,https://www.zomato.com/farrukhabad
Fatehabad,https://www.zomato.com/fatehabad
FatehgarhSahib,https://www.zomato.com/fatehgarhsahib
Fatehpur,https://www.zomato.com/fatehpur
Fazilka,https://www.zomato.com/fazilka
Firozabad,https://www.zomato.com/firozabad
Firozpur,https://www.zomato.com/firozpur
Gadag-Betageri,https://www.zomato.com/gadag-betageri
Gadwal,https://www.zomato.com/gadwal
Gandhidham,https://www.zomato.com/gandhidham
Gangtok,https://www.zomato.com/gangtok
Gaya,https://www.zomato.com/gaya
Gharounda,https://www.zomato.com/gharounda
Giridih,https://www.zomato.com/giridih
Goa,https://www.zomato.com/goa
Gohana,https://www.zomato.com/gohana
Gokak,https://www.zomato.com/gokak
Gokarna,https://www.zomato.com/gokarna
Gonda,https://www.zomato.com/gonda
Gondal,https://www.zomato.com/gondal
Gondia,https://www.zomato.com/gondia
Gorakhpur,https://www.zomato.com/gorakhpur
Gudivada,https://www.zomato.com/gudivada
Gulbarga,https://www.zomato.com/gulbarga
Guna,https://www.zomato.com/guna
Guntakal,https://www.zomato.com/guntakal
Guntur,https://www.zomato.com/guntur
Gurdaspur,https://www.zomato.com/gurdaspur
Guwahati,https://www.zomato.com/guwahati
Gwalior,https://www.zomato.com/gwalior
Haldia,https://www.zomato.com/haldia
Haldwani,https://www.zomato.com/haldwani
Hamirpur,https://www.zomato.com/hamirpur
Hampi-Hospet,https://www.zomato.com/hampi-hospet
Hansi,https://www.zomato.com/hansi
Hanumangarh,https://www.zomato.com/hanumangarh
Hapur,https://www.zomato.com/hapur
Hardoi,https://www.zomato.com/hardoi
Haridwar,https://www.zomato.com/haridwar
Hassan,https://www.zomato.com/hassan
Hathras,https://www.zomato.com/hathras
Hazaribagh,https://www.zomato.com/hazaribagh
Himatnagar,https://www.zomato.com/himatnagar
Hindupur,https://www.zomato.com/hindupur
Hinganghat,https://www.zomato.com/hinganghat
Hisar,https://www.zomato.com/hisar
Hodal,https://www.zomato.com/hodal
Hoshangabad,https://www.zomato.com/hoshangabad
Hoshiarpur,https://www.zomato.com/hoshiarpur
Hosur,https://www.zomato.com/hosur
Hubli,https://www.zomato.com/hubli
Hyderabad,https://www.zomato.com/hyderabad
Ichalkaranji,https://www.zomato.com/ichalkaranji
Indore,https://www.zomato.com/indore
Itarsi,https://www.zomato.com/itarsi
Jabalpur,https://www.zomato.com/jabalpur
Jagdalpur,https://www.zomato.com/jagdalpur
Jagraon,https://www.zomato.com/jagraon
Jagtial,https://www.zomato.com/jagtial
Jaipur,https://www.zomato.com/jaipur
Jalalabad,https://www.zomato.com/jalalabad
Jalandhar,https://www.zomato.com/jalandhar
Jalgaon,https://www.zomato.com/jalgaon
Jalna,https://www.zomato.com/jalna
Jalpaiguri,https://www.zomato.com/jalpaiguri
Jammu,https://www.zomato.com/jammu
Jamnagar,https://www.zomato.com/jamnagar
Jamshedpur,https://www.zomato.com/jamshedpur
Janjgir,https://www.zomato.com/janjgir
Jaunpur,https://www.zomato.com/jaunpur
Jetpur,https://www.zomato.com/jetpur
Jhajjar,https://www.zomato.com/jhajjar
Jhalawar,https://www.zomato.com/jhalawar
Jhansi,https://www.zomato.com/jhansi
Jharsuguda,https://www.zomato.com/jharsuguda
Jhunjhunu,https://www.zomato.com/jhunjhunu
Jind,https://www.zomato.com/jind
Jodhpur,https://www.zomato.com/jodhpur
Jorhat,https://www.zomato.com/jorhat
Junagadh,https://www.zomato.com/junagadh
Kadapa,https://www.zomato.com/kadapa
Kaithal,https://www.zomato.com/kaithal
Kakinada,https://www.zomato.com/kakinada
Kalol,https://www.zomato.com/kalol
Kamareddy,https://www.zomato.com/kamareddy
Kanchipuram,https://www.zomato.com/kanchipuram
Kangra,https://www.zomato.com/kangra
Kanker,https://www.zomato.com/kanker
Kannur,https://www.zomato.com/kannur
Kanpur,https://www.zomato.com/kanpur
Kanyakumari,https://www.zomato.com/kanyakumari
Kapurthala,https://www.zomato.com/kapurthala
Karad,https://www.zomato.com/karad
Karaikudi,https://www.zomato.com/karaikudi
Karimnagar,https://www.zomato.com/karimnagar
Karnal,https://www.zomato.com/karnal
Karur,https://www.zomato.com/karur
Karwar,https://www.zomato.com/karwar
Kasaragod,https://www.zomato.com/kasaragod
Kashipur,https://www.zomato.com/kashipur
Kathua,https://www.zomato.com/kathua
Katni,https://www.zomato.com/katni
Khamgaon,https://www.zomato.com/khamgaon
Khammam,https://www.zomato.com/khammam
Khandwa,https://www.zomato.com/khandwa
Khanna,https://www.zomato.com/khanna
Kharagpur,https://www.zomato.com/kharagpur
Khargone,https://www.zomato.com/khargone
Kishangarh,https://www.zomato.com/kishangarh
Kochi,https://www.zomato.com/kochi
Kodaikanal,https://www.zomato.com/kodaikanal
Kodungallur,https://www.zomato.com/kodungallur
Kolar,https://www.zomato.com/kolar
Kolhapur,https://www.zomato.com/kolhapur
Kolkata,https://www.zomato.com/kolkata
Kollam,https://www.zomato.com/kollam
Korba,https://www.zomato.com/korba
Kota,https://www.zomato.com/kota
Kotdwar,https://www.zomato.com/kotdwar
Kothagudem,https://www.zomato.com/kothagudem
KotKapura,https://www.zomato.com/kotkapura
Kottayam,https://www.zomato.com/kottayam
Kozhikode,https://www.zomato.com/kozhikode
Krishnagiri,https://www.zomato.com/krishnagiri
Kullu,https://www.zomato.com/kullu
Kumbakonam,https://www.zomato.com/kumbakonam
Kumta,https://www.zomato.com/kumta
Kundapura-Koteshwar,https://www.zomato.com/kundapura-koteshwar
Kunnamkulam,https://www.zomato.com/kunnamkulam
Kurnool,https://www.zomato.com/kurnool
Kurukshetra,https://www.zomato.com/kurukshetra
Lalitpur,https://www.zomato.com/lalitpur
Latur,https://www.zomato.com/latur
Leh,https://www.zomato.com/leh
Lucknow,https://www.zomato.com/lucknow
Ludhiana,https://www.zomato.com/ludhiana
Machilipatnam,https://www.zomato.com/machilipatnam
Madanapalle,https://www.zomato.com/madanapalle
Madikeri,https://www.zomato.com/madikeri
Madurai,https://www.zomato.com/madurai
Mahasamund,https://www.zomato.com/mahasamund
Mahbubnagar,https://www.zomato.com/mahbubnagar
Mahendragarh,https://www.zomato.com/mahendragarh
Makrana,https://www.zomato.com/makrana
Malappuram,https://www.zomato.com/malappuram
Malda,https://www.zomato.com/malda
Malegaon,https://www.zomato.com/malegaon
Malerkotla,https://www.zomato.com/malerkotla
Malout,https://www.zomato.com/malout
Manali,https://www.zomato.com/manali
Mancherial,https://www.zomato.com/mancherial
Mandi,https://www.zomato.com/mandi
Mandi Dabwali,https://www.zomato.com/mandi-dabwali
Mandsaur,https://www.zomato.com/mandsaur
Mandya,https://www.zomato.com/mandya
Mangalore,https://www.zomato.com/mangalore
Manipal,https://www.zomato.com/manipal
Manjeri,https://www.zomato.com/manjeri
Mansa,https://www.zomato.com/mansa
Markapur,https://www.zomato.com/markapur
Mathura,https://www.zomato.com/mathura
Medak,https://www.zomato.com/medak
Meerut,https://www.zomato.com/meerut
Mehsana,https://www.zomato.com/mehsana
Miryalaguda,https://www.zomato.com/miryalaguda
Mirzapur,https://www.zomato.com/mirzapur
Modinagar,https://www.zomato.com/modinagar
Moga,https://www.zomato.com/moga
Moodbidri,https://www.zomato.com/moodbidri
Moradabad,https://www.zomato.com/moradabad
Morbi,https://www.zomato.com/morbi
Morena,https://www.zomato.com/morena
Motihari,https://www.zomato.com/motihari
Mughalsarai,https://www.zomato.com/mughalsarai
Mukerian,https://www.zomato.com/mukerian
Muktsar,https://www.zomato.com/muktsar
Mullana,https://www.zomato.com/mullana
Mumbai,https://www.zomato.com/mumbai
Munger,https://www.zomato.com/munger
Muradnagar,https://www.zomato.com/muradnagar
Mussoorie,https://www.zomato.com/mussoorie
Muvattupuzha,https://www.zomato.com/muvattupuzha
Muzaffarnagar,https://www.zomato.com/muzaffarnagar
Muzaffarpur,https://www.zomato.com/muzaffarpur
Mysore,https://www.zomato.com/mysore
Nadiad,https://www.zomato.com/nadiad
Nagaon,https://www.zomato.com/nagaon
Nagaur,https://www.zomato.com/nagaur
Nagercoil,https://www.zomato.com/nagercoil
Nagpur,https://www.zomato.com/nagpur
Nainital,https://www.zomato.com/nainital
Nakodar,https://www.zomato.com/nakodar
Nalgonda,https://www.zomato.com/nalgonda
Namakkal,https://www.zomato.com/namakkal
Nanded,https://www.zomato.com/nanded
Nandurbar,https://www.zomato.com/nandurbar
Nandyal,https://www.zomato.com/nandyal
Nangal,https://www.zomato.com/nangal
Naraingarh,https://www.zomato.com/naraingarh
Narasaraopet,https://www.zomato.com/narasaraopet
Narnaul,https://www.zomato.com/narnaul
Narwana,https://www.zomato.com/narwana
Nashik,https://www.zomato.com/nashik
Nasirabad,https://www.zomato.com/nasirabad
Nathdwara,https://www.zomato.com/nathdwara
Navsari,https://www.zomato.com/navsari
Nawanshahr,https://www.zomato.com/nawanshahr
Neemrana,https://www.zomato.com/neemrana
Neemuch,https://www.zomato.com/neemuch
Nellore,https://www.zomato.com/nellore
Nipani,https://www.zomato.com/nipani
Nirmal,https://www.zomato.com/nirmal
Nizamabad,https://www.zomato.com/nizamabad
Nuzividu,https://www.zomato.com/nuzividu
Ongole,https://www.zomato.com/ongole
Ooty,https://www.zomato.com/ooty
Orai,https://www.zomato.com/orai
Osmanabad,https://www.zomato.com/osmanabad
Palakkad,https://www.zomato.com/palakkad
Palanpur,https://www.zomato.com/palanpur
Palasa-Kasibugga,https://www.zomato.com/palasa-kasibugga
Pali,https://www.zomato.com/pali
Palwal,https://www.zomato.com/palwal
Pandharpur,https://www.zomato.com/pandharpur
Panipat,https://www.zomato.com/panipat
Paonta Sahib,https://www.zomato.com/paonta-sahib
Parbhani,https://www.zomato.com/parbhani
Patan,https://www.zomato.com/patan
Pataudi,https://www.zomato.com/pataudi
Pathanamthitta,https://www.zomato.com/pathanamthitta
Pathankot,https://www.zomato.com/pathankot
Patiala,https://www.zomato.com/patiala
Patna,https://www.zomato.com/patna
Pehowa,https://www.zomato.com/pehowa
Phagwara,https://www.zomato.com/phagwara
Phaltan,https://www.zomato.com/phaltan
Phillaur,https://www.zomato.com/phillaur
Pilani,https://www.zomato.com/pilani
Pilibhit,https://www.zomato.com/pilibhit
Pinjore,https://www.zomato.com/pinjore
Pollachi,https://www.zomato.com/pollachi
Porbandar,https://www.zomato.com/porbandar
Proddatur,https://www.zomato.com/proddatur
Puducherry,https://www.zomato.com/puducherry
Pudukkottai,https://www.zomato.com/pudukkottai
Pune,https://www.zomato.com/pune
Puri,https://www.zomato.com/puri
Purnea,https://www.zomato.com/purnea
Purulia,https://www.zomato.com/purulia
Pushkar,https://www.zomato.com/pushkar
Puttur,https://www.zomato.com/puttur
Puttur AP,https://www.zomato.com/puttur-ap
Raebareli,https://www.zomato.com/raebareli
Raichur,https://www.zomato.com/raichur
Raigarh,https://www.zomato.com/raigarh
Raipur,https://www.zomato.com/raipur
Rajahmundry,https://www.zomato.com/rajahmundry
Rajkot,https://www.zomato.com/rajkot
Rajnandgaon,https://www.zomato.com/rajnandgaon
Rajpura,https://www.zomato.com/rajpura
Rajsamand,https://www.zomato.com/rajsamand
Ramagundham,https://www.zomato.com/ramagundham
Ramanathapuram,https://www.zomato.com/ramanathapuram
Ramgarh,https://www.zomato.com/ramgarh
Rampur,https://www.zomato.com/rampur
Ranchi,https://www.zomato.com/ranchi
Ranebennur,https://www.zomato.com/ranebennur
Raniganj,https://www.zomato.com/raniganj
Ratlam,https://www.zomato.com/ratlam
Rayachoty,https://www.zomato.com/rayachoty
Rewa,https://www.zomato.com/rewa
Rewari,https://www.zomato.com/rewari
Rishikesh,https://www.zomato.com/rishikesh
Rohtak,https://www.zomato.com/rohtak
Roorkee,https://www.zomato.com/roorkee
Ropar,https://www.zomato.com/ropar
Rourkela,https://www.zomato.com/rourkela
Rudrapur,https://www.zomato.com/rudrapur
Sagar,https://www.zomato.com/sagar
Sagara,https://www.zomato.com/sagara
Saharanpur,https://www.zomato.com/saharanpur
Sahnewal,https://www.zomato.com/sahnewal
Salem,https://www.zomato.com/salem
Samalkha,https://www.zomato.com/samalkha
Samana,https://www.zomato.com/samana
Samastipur,https://www.zomato.com/samastipur
Samba,https://www.zomato.com/samba
Sambalpur,https://www.zomato.com/sambalpur
Sambhal,https://www.zomato.com/sambhal
Samrala,https://www.zomato.com/samrala
Sangamner,https://www.zomato.com/sangamner
Sangli,https://www.zomato.com/sangli
Sangrur,https://www.zomato.com/sangrur
Sardarshahar,https://www.zomato.com/sardarshahar
Sasaram,https://www.zomato.com/sasaram
Satara,https://www.zomato.com/satara
Satna,https://www.zomato.com/satna
SawaiMadhopur,https://www.zomato.com/sawaimadhopur
Sawantwadi,https://www.zomato.com/sawantwadi
Sehore,https://www.zomato.com/sehore
Seoni,https://www.zomato.com/seoni
Shahjahanpur,https://www.zomato.com/shahjahanpur
Shamli,https://www.zomato.com/shamli
Shikohabad,https://www.zomato.com/shikohabad
Shillong,https://www.zomato.com/shillong
Shimla,https://www.zomato.com/shimla
Shimoga,https://www.zomato.com/shimoga
Shirdi,https://www.zomato.com/shirdi
Shivpuri,https://www.zomato.com/shivpuri
Shrirampur,https://www.zomato.com/shrirampur
Siddipet,https://www.zomato.com/siddipet
Sikandrabad,https://www.zomato.com/sikandrabad
Sikar,https://www.zomato.com/sikar
Silchar,https://www.zomato.com/silchar
Siliguri,https://www.zomato.com/siliguri
Silvassa,https://www.zomato.com/silvassa
Sindhanur,https://www.zomato.com/sindhanur
Sirsa,https://www.zomato.com/sirsa
Sirsi,https://www.zomato.com/sirsi
Sitapur,https://www.zomato.com/sitapur
Sivakasi,https://www.zomato.com/sivakasi
Siwan,https://www.zomato.com/siwan
Sohna,https://www.zomato.com/sohna
Solan,https://www.zomato.com/solan
Solapur,https://www.zomato.com/solapur
Sonipat,https://www.zomato.com/sonipat
Sri Ganganagar,https://www.zomato.com/sri-ganganagar
Srikakulam,https://www.zomato.com/srikakulam
Srinagar,https://www.zomato.com/srinagar
Sultanpur,https://www.zomato.com/sultanpur
Sundergarh,https://www.zomato.com/sundergarh
Surat,https://www.zomato.com/surat
Suryapet,https://www.zomato.com/suryapet
Tadepalligudem,https://www.zomato.com/tadepalligudem
Tanjore,https://www.zomato.com/tanjore
Tanuku,https://www.zomato.com/tanuku
Tarn Taran,https://www.zomato.com/tarn-taran
Tenali,https://www.zomato.com/tenali
Tezpur,https://www.zomato.com/tezpur
Thalassery,https://www.zomato.com/thalassery
Theni,https://www.zomato.com/theni
Thiruvalla,https://www.zomato.com/thiruvalla
Thiruvallur,https://www.zomato.com/thiruvallur
Thodupuzha,https://www.zomato.com/thodupuzha
Thoothukudi,https://www.zomato.com/thoothukudi
Thrissur,https://www.zomato.com/thrissur
Tinsukia,https://www.zomato.com/tinsukia
Tirunelveli,https://www.zomato.com/tirunelveli
Tirupati,https://www.zomato.com/tirupati
Tiruppur,https://www.zomato.com/tiruppur
Tiruvannamalai,https://www.zomato.com/tiruvannamalai
Tohana,https://www.zomato.com/tohana
Tonk,https://www.zomato.com/tonk
Trichy,https://www.zomato.com/trichy
Trivandrum,https://www.zomato.com/trivandrum
Tumkur,https://www.zomato.com/tumkur
Tuni,https://www.zomato.com/tuni
Udaipur,https://www.zomato.com/udaipur
Udgir,https://www.zomato.com/udgir
Udhampur,https://www.zomato.com/udhampur
Ujjain,https://www.zomato.com/ujjain
Unnao,https://www.zomato.com/unnao
Vadodara,https://www.zomato.com/vadodara
Valsad,https://www.zomato.com/valsad
Vapi,https://www.zomato.com/vapi
Varanasi,https://www.zomato.com/varanasi
Vellore,https://www.zomato.com/vellore
Vidisha,https://www.zomato.com/vidisha
Vijayawada,https://www.zomato.com/vijayawada
Viluppuram,https://www.zomato.com/viluppuram
Visakhapatnam,https://www.zomato.com/visakhapatnam
Vizianagaram,https://www.zomato.com/vizianagaram
Vrindavan,https://www.zomato.com/vrindavan
Wani,https://www.zomato.com/wani
Warangal,https://www.zomato.com/warangal
Wardha,https://www.zomato.com/wardha
Yamuna Nagar,https://www.zomato.com/yamuna-nagar
Yavatmal,https://www.zomato.com/yavatmal
Gurgaon,https://www.zomato.com/ncr/restaurants/gurgaon
Noida,https://www.zomato.com/ncr/restaurants/noida
Faridabad,https://www.zomato.com/ncr/restaurants/faridabad
Ghaziabad,https://www.zomato.com/ncr/restaurants/ghaziabad
